1,1,373.76,0.00,754.48,1080.00,1,-1,-1,-1
1,2,914.70,120.20,32.20,240.04,1,-1,-1,-1
1,3,963.25,102.98,105.30,270.54,1,-1,-1,-1
1,4,1092.95,38.85,158.39,424.53,1,-1,-1,-1
1,5,1188.74,16.81,129.89,416.38,1,-1,-1,-1
2,1,373.76,0.00,745.54,1080.00,1,-1,-1,-1
2,2,912.67,119.16,43.23,241.08,1,-1,-1,-1
2,3,963.25,103.66,105.63,269.86,1,-1,-1,-1
2,4,1091.75,39.68,158.64,424.34,1,-1,-1,-1
2,5,1188.14,16.81,130.49,416.58,1,-1,-1,-1
3,1,373.76,0.00,738.44,1080.00,1,-1,-1,-1
3,2,910.65,119.67,45.21,240.57,1,-1,-1,-1
3,3,963.25,104.35,105.96,269.17,1,-1,-1,-1
3,4,1090.54,40.51,158.90,424.14,1,-1,-1,-1
3,5,1187.55,16.81,131.08,416.78,1,-1,-1,-1
4,1,368.43,0.00,738.42,1080.00,1,-1,-1,-1
4,2,908.62,120.17,47.20,240.07,1,-1,-1,-1
4,3,963.25,105.03,106.29,268.49,1,-1,-1,-1
4,4,1089.34,41.33,159.15,423.96,1,-1,-1,-1
4,5,1186.96,16.81,131.67,416.98,1,-1,-1,-1
5,1,363.10,0.00,738.40,1080.00,1,-1,-1,-1
5,2,906.59,120.68,49.19,239.56,1,-1,-1,-1
5,3,963.25,105.72,106.62,267.80,1,-1,-1,-1
5,4,1088.14,42.16,159.40,423.77,1,-1,-1,-1
5,5,1186.36,16.81,132.27,417.19,1,-1,-1,-1
6,1,357.80,0.00,733.00,1080.00,1,-1,-1,-1
6,2,904.56,121.19,51.18,239.05,1,-1,-1,-1
6,3,963.25,106.40,106.95,267.12,1,-1,-1,-1
6,4,1086.93,42.98,159.66,423.58,1,-1,-1,-1
6,5,1185.77,16.81,132.86,417.39,1,-1,-1,-1
7,1,352.50,0.00,729.40,1080.00,1,-1,-1,-1
7,2,902.53,121.70,53.17,238.54,1,-1,-1,-1
7,3,962.49,106.40,106.75,267.79,1,-1,-1,-1
7,4,1085.73,43.81,159.91,423.39,1,-1,-1,-1
7,5,1185.18,16.81,133.45,417.59,1,-1,-1,-1
8,1,338.30,0.00,729.40,1080.00,1,-1,-1,-1
8,2,900.50,112.90,55.13,247.34,1,-1,-1,-1
8,3,961.72,106.40,106.57,268.45,1,-1,-1,-1
8,4,1084.53,44.64,160.16,423.19,1,-1,-1,-1
8,5,1184.59,16.81,134.04,417.79,1,-1,-1,-1
9,1,333.00,0.00,722.20,1080.00,1,-1,-1,-1
9,2,900.50,120.00,52.97,241.73,1,-1,-1,-1
9,3,960.96,106.40,106.37,269.12,1,-1,-1,-1
9,4,1083.33,45.46,160.41,423.01,1,-1,-1,-1
9,5,1183.99,16.81,134.64,417.99,1,-1,-1,-1
10,1,324.10,0.00,731.10,1080.00,1,-1,-1,-1
10,2,900.50,127.10,50.80,236.12,1,-1,-1,-1
10,3,960.20,106.40,106.18,269.78,1,-1,-1,-1
10,4,1082.12,46.29,160.67,422.82,1,-1,-1,-1
10,5,1183.40,16.81,135.23,418.19,1,-1,-1,-1
11,1,306.30,0.00,734.70,1080.00,1,-1,-1,-1
11,2,900.50,124.55,51.85,240.16,1,-1,-1,-1
11,3,959.44,106.40,105.98,270.44,1,-1,-1,-1
11,4,1080.92,47.12,160.92,422.62,1,-1,-1,-1
11,5,1182.29,18.58,134.34,417.31,1,-1,-1,-1
11,7,852.42,116.45,83.64,272.26,1,-1,-1,-1
12,1,292.10,0.00,748.90,1080.00,1,-1,-1,-1
12,2,900.50,122.00,52.90,244.20,1,-1,-1,-1
12,3,958.68,106.40,105.79,271.11,1,-1,-1,-1
12,4,1079.72,47.94,161.18,422.44,1,-1,-1,-1
12,5,1181.18,20.35,133.45,416.43,1,-1,-1,-1
12,7,852.42,116.45,85.67,272.26,1,-1,-1,-1
13,1,274.30,0.00,779.20,1080.00,1,-1,-1,-1
13,2,900.50,122.00,52.06,245.04,1,-1,-1,-1
13,3,957.92,106.40,105.59,271.77,1,-1,-1,-1
13,4,1078.51,48.77,161.44,422.25,1,-1,-1,-1
13,5,1180.06,22.13,132.56,415.53,1,-1,-1,-1
13,7,852.42,116.45,87.71,272.26,1,-1,-1,-1
14,1,254.70,0.00,798.80,1080.00,1,-1,-1,-1
14,2,900.50,122.00,51.21,245.89,1,-1,-1,-1
14,3,957.16,106.40,105.40,272.44,1,-1,-1,-1
14,4,1077.31,49.59,161.69,422.06,1,-1,-1,-1
14,5,1178.95,23.90,131.67,414.65,1,-1,-1,-1
14,7,852.42,116.45,89.74,272.26,1,-1,-1,-1
15,1,231.60,0.00,830.80,1080.00,1,-1,-1,-1
15,2,900.50,122.00,50.37,246.73,1,-1,-1,-1
15,3,956.40,106.40,105.20,273.10,1,-1,-1,-1
15,4,1076.11,50.42,161.94,421.87,1,-1,-1,-1
15,5,1177.84,25.68,130.77,413.76,1,-1,-1,-1
15,7,852.42,116.45,91.78,272.26,1,-1,-1,-1
16,1,213.80,0.00,848.60,1080.00,1,-1,-1,-1
16,2,900.50,122.00,49.53,247.57,1,-1,-1,-1
16,3,954.69,107.69,105.52,272.89,1,-1,-1,-1
16,4,1074.91,51.25,162.19,421.68,1,-1,-1,-1
16,5,1176.73,27.45,129.88,412.88,1,-1,-1,-1
16,7,852.42,116.45,93.81,272.26,1,-1,-1,-1
17,1,190.70,0.00,877.00,1080.00,1,-1,-1,-1
17,2,900.50,122.00,48.69,248.41,1,-1,-1,-1
17,3,952.98,108.98,105.85,272.67,1,-1,-1,-1
17,4,1073.70,52.07,162.45,421.49,1,-1,-1,-1
17,5,1175.61,29.23,128.99,411.98,1,-1,-1,-1
17,7,852.42,116.45,95.85,272.26,1,-1,-1,-1
18,1,174.70,0.00,893.00,1080.00,1,-1,-1,-1
18,2,900.50,122.00,47.84,249.26,1,-1,-1,-1
18,3,951.26,110.26,106.18,272.47,1,-1,-1,-1
18,4,1072.50,52.90,162.70,421.30,1,-1,-1,-1
18,5,1174.50,31.00,128.10,411.10,1,-1,-1,-1
18,7,852.42,116.45,97.88,272.26,1,-1,-1,-1
19,1,155.10,0.00,912.60,1080.00,1,-1,-1,-1
19,2,900.50,122.00,47.00,250.10,1,-1,-1,-1
19,3,949.55,111.55,106.50,272.25,1,-1,-1,-1
19,4,1070.47,54.29,162.13,420.99,1,-1,-1,-1
19,5,1172.72,32.27,127.84,411.10,1,-1,-1,-1
19,7,852.42,119.57,97.43,269.14,1,-1,-1,-1
20,1,153.30,0.00,914.40,1080.00,1,-1,-1,-1
20,2,900.50,122.00,44.25,250.10,1,-1,-1,-1
20,3,947.84,112.84,106.82,272.04,1,-1,-1,-1
20,4,1068.44,55.69,161.56,420.66,1,-1,-1,-1
20,5,1170.94,33.54,127.59,411.10,1,-1,-1,-1
20,7,852.42,122.68,96.98,266.03,1,-1,-1,-1
21,1,136.40,0.00,931.30,1080.00,1,-1,-1,-1
21,2,900.50,122.00,41.50,250.10,1,-1,-1,-1
21,3,946.13,114.13,107.15,271.82,1,-1,-1,-1
21,4,1066.41,57.08,160.99,420.35,1,-1,-1,-1
21,5,1169.16,34.81,127.33,411.10,1,-1,-1,-1
21,7,852.42,125.79,96.53,262.92,1,-1,-1,-1
22,1,119.50,0.00,948.20,1080.00,1,-1,-1,-1
22,2,900.50,122.00,38.75,250.10,1,-1,-1,-1
22,3,944.41,115.41,107.48,271.62,1,-1,-1,-1
22,4,1064.38,58.48,160.42,420.03,1,-1,-1,-1
22,5,1167.39,36.09,127.07,411.10,1,-1,-1,-1
22,7,852.42,128.90,96.08,259.81,1,-1,-1,-1
23,1,121.20,0.00,946.50,1080.00,1,-1,-1,-1
23,2,900.50,122.00,36.00,250.10,1,-1,-1,-1
23,3,942.70,116.70,107.80,271.40,1,-1,-1,-1
23,4,1062.35,59.87,159.85,419.71,1,-1,-1,-1
23,5,1165.61,37.36,126.81,411.10,1,-1,-1,-1
23,7,852.42,128.90,93.24,259.81,1,-1,-1,-1
24,1,126.50,0.00,941.20,1080.00,1,-1,-1,-1
24,3,942.70,116.70,106.10,271.40,1,-1,-1,-1
24,4,1060.32,61.26,159.28,419.40,1,-1,-1,-1
24,5,1163.83,38.63,126.56,411.10,1,-1,-1,-1
24,7,852.42,128.90,90.40,259.81,1,-1,-1,-1
25,1,140.13,0.00,919.87,1080.00,1,-1,-1,-1
25,3,941.34,116.70,106.10,272.08,1,-1,-1,-1
25,4,1058.29,62.66,158.71,419.08,1,-1,-1,-1
25,5,1162.05,39.90,126.30,411.10,1,-1,-1,-1
25,7,852.42,128.90,87.56,259.81,1,-1,-1,-1
26,1,153.77,0.00,898.53,1080.00,1,-1,-1,-1
26,3,939.98,116.70,106.10,272.76,1,-1,-1,-1
26,4,1056.26,64.05,158.14,418.76,1,-1,-1,-1
26,5,1160.27,41.17,126.04,411.10,1,-1,-1,-1
26,7,852.42,128.90,84.72,259.81,1,-1,-1,-1
27,1,167.40,0.00,877.20,1080.00,1,-1,-1,-1
27,3,938.62,116.70,106.10,273.44,1,-1,-1,-1
27,4,1054.24,65.45,157.56,418.44,1,-1,-1,-1
27,5,1158.49,42.44,125.79,411.10,1,-1,-1,-1
27,7,852.42,128.90,81.88,259.81,1,-1,-1,-1
28,1,187.85,0.00,850.50,1080.00,1,-1,-1,-1
28,3,937.26,116.70,106.10,274.12,1,-1,-1,-1
28,4,1052.21,66.84,156.99,418.12,1,-1,-1,-1
28,5,1156.71,43.71,125.53,411.10,1,-1,-1,-1
28,7,868.46,128.90,60.49,259.81,1,-1,-1,-1
29,1,208.30,0.00,823.80,1080.00,1,-1,-1,-1
29,3,935.90,116.70,106.10,274.80,1,-1,-1,-1
29,4,1050.18,68.24,156.42,417.80,1,-1,-1,-1
29,5,1154.94,44.99,125.27,411.10,1,-1,-1,-1
29,7,884.50,128.90,39.10,259.81,1,-1,-1,-1
30,1,223.42,0.00,802.01,1080.00,1,-1,-1,-1
30,3,935.90,118.97,103.53,273.40,1,-1,-1,-1
30,4,1048.15,69.63,155.85,417.49,1,-1,-1,-1
30,5,1153.16,46.26,125.01,411.10,1,-1,-1,-1
31,1,238.55,0.00,780.20,1080.00,1,-1,-1,-1
31,3,935.90,121.23,100.97,272.00,1,-1,-1,-1
31,4,1046.12,71.02,155.28,417.17,1,-1,-1,-1
31,5,1151.38,47.53,124.76,411.10,1,-1,-1,-1
32,1,253.67,0.00,758.41,1080.00,1,-1,-1,-1
32,3,935.90,123.50,98.40,270.60,1,-1,-1,-1
32,4,1044.09,72.42,154.71,416.85,1,-1,-1,-1
32,5,1149.60,48.80,124.50,411.10,1,-1,-1,-1
33,1,268.80,0.00,736.60,1080.00,1,-1,-1,-1
33,3,931.63,125.43,100.55,271.24,1,-1,-1,-1
33,4,1042.06,73.81,154.14,416.54,1,-1,-1,-1
33,5,1147.27,50.03,125.05,411.10,1,-1,-1,-1
34,1,280.07,0.00,723.25,1070.40,1,-1,-1,-1
34,3,927.35,127.35,102.70,271.90,1,-1,-1,-1
34,4,1040.03,75.21,153.57,416.21,1,-1,-1,-1
34,5,1144.94,51.26,125.61,411.10,1,-1,-1,-1
35,1,291.33,0.00,709.90,1060.80,1,-1,-1,-1
35,3,923.07,129.28,104.86,272.54,1,-1,-1,-1
35,4,1038.00,76.60,153.00,415.90,1,-1,-1,-1
35,5,1142.61,52.49,126.16,411.10,1,-1,-1,-1
36,1,302.60,0.00,696.55,1051.20,1,-1,-1,-1
36,3,918.80,131.20,107.00,273.20,1,-1,-1,-1
36,4,1037.63,77.07,153.24,416.98,1,-1,-1,-1
36,5,1140.28,53.72,126.71,411.10,1,-1,-1,-1
37,1,313.87,0.00,683.20,1041.60,1,-1,-1,-1
37,3,918.28,132.92,107.34,272.34,1,-1,-1,-1
37,4,1037.26,77.54,153.47,418.06,1,-1,-1,-1
37,5,1137.95,54.95,127.27,411.10,1,-1,-1,-1
38,1,325.13,0.00,669.85,1032.00,1,-1,-1,-1
38,3,917.76,134.64,107.68,271.48,1,-1,-1,-1
38,4,1036.88,78.01,153.72,419.14,1,-1,-1,-1
38,5,1135.62,56.18,127.82,411.10,1,-1,-1,-1
39,1,336.40,0.00,656.50,1019.50,1,-1,-1,-1
39,3,917.24,136.36,108.02,270.62,1,-1,-1,-1
39,4,1036.51,78.49,153.95,420.21,1,-1,-1,-1
39,5,1133.28,57.42,128.38,411.10,1,-1,-1,-1
40,1,343.50,0.00,644.95,1025.75,1,-1,-1,-1
40,3,916.72,138.08,108.36,269.76,1,-1,-1,-1
40,4,1036.14,78.96,154.19,421.29,1,-1,-1,-1
40,5,1130.95,58.65,128.93,411.10,1,-1,-1,-1
41,1,350.60,0.00,633.40,1032.00,1,-1,-1,-1
41,3,916.20,139.80,108.70,268.90,1,-1,-1,-1
41,4,1035.77,79.43,154.42,422.37,1,-1,-1,-1
41,5,1128.62,59.88,129.49,411.10,1,-1,-1,-1
42,1,366.60,0.00,612.10,1032.00,1,-1,-1,-1
42,3,916.20,139.80,107.13,269.62,1,-1,-1,-1
42,4,1035.40,79.90,154.66,423.45,1,-1,-1,-1
42,5,1126.29,61.11,130.04,411.10,1,-1,-1,-1
43,1,371.95,0.00,606.75,1042.70,1,-1,-1,-1
43,3,916.20,139.80,105.57,270.33,1,-1,-1,-1
43,4,1035.03,80.37,154.89,424.53,1,-1,-1,-1
43,5,1123.96,62.34,130.59,411.10,1,-1,-1,-1
44,1,377.30,0.00,601.40,1053.40,1,-1,-1,-1
44,3,916.20,139.80,104.00,271.05,1,-1,-1,-1
44,4,1034.65,80.84,155.14,425.61,1,-1,-1,-1
44,5,1121.63,63.57,131.15,411.10,1,-1,-1,-1
45,1,381.22,0.00,596.42,1053.40,1,-1,-1,-1
45,3,916.20,139.80,102.43,271.77,1,-1,-1,-1
45,4,1034.28,81.31,155.37,426.69,1,-1,-1,-1
45,5,1119.30,64.80,131.70,411.10,1,-1,-1,-1
46,1,385.14,0.00,591.44,1053.40,1,-1,-1,-1
46,3,916.20,139.80,100.87,272.48,1,-1,-1,-1
46,4,1033.91,81.79,155.61,427.76,1,-1,-1,-1
46,5,1119.30,64.80,131.70,412.46,1,-1,-1,-1
47,1,389.06,0.00,586.46,1053.40,1,-1,-1,-1
47,3,916.20,139.80,99.30,273.20,1,-1,-1,-1
47,4,1033.54,82.26,155.84,428.84,1,-1,-1,-1
47,5,1119.30,64.80,131.70,413.81,1,-1,-1,-1
48,1,392.98,0.00,581.48,1053.40,1,-1,-1,-1
48,3,916.20,140.56,99.59,273.38,1,-1,-1,-1
48,4,1033.17,82.73,156.08,429.92,1,-1,-1,-1
48,5,1119.30,64.80,131.70,415.17,1,-1,-1,-1
49,1,396.90,0.00,576.50,1053.40,1,-1,-1,-1
49,3,916.20,141.31,99.88,273.58,1,-1,-1,-1
49,4,1032.79,83.20,156.32,431.00,1,-1,-1,-1
49,5,1119.30,64.80,131.70,416.53,1,-1,-1,-1
49,7,818.66,143.14,69.34,259.80,1,-1,-1,-1
49,8,900.27,162.17,44.86,228.03,1,-1,-1,-1
50,1,400.90,0.00,571.17,1021.83,1,-1,-1,-1
50,3,916.20,142.07,100.17,273.76,1,-1,-1,-1
50,4,1032.42,83.67,156.56,432.08,1,-1,-1,-1
50,5,1119.30,64.80,131.70,417.89,1,-1,-1,-1
50,7,816.17,143.14,71.83,262.65,1,-1,-1,-1
50,8,900.27,162.17,44.86,230.83,1,-1,-1,-1
51,1,404.90,0.00,565.85,990.25,1,-1,-1,-1
51,3,916.20,142.82,100.46,273.96,1,-1,-1,-1
51,4,1032.05,84.14,156.79,433.16,1,-1,-1,-1
51,5,1119.30,64.80,131.70,419.24,1,-1,-1,-1
51,7,813.68,143.14,74.32,265.51,1,-1,-1,-1
51,8,900.27,162.17,44.86,233.63,1,-1,-1,-1
52,1,408.90,0.00,560.52,958.68,1,-1,-1,-1
52,3,916.20,143.58,100.74,274.14,1,-1,-1,-1
52,4,1031.68,84.61,157.03,434.24,1,-1,-1,-1
52,5,1119.30,64.80,131.70,420.60,1,-1,-1,-1
52,7,811.18,143.14,76.82,268.36,1,-1,-1,-1
52,8,900.27,162.17,44.86,235.03,1,-1,-1,-1
53,1,412.90,0.00,555.20,927.10,1,-1,-1,-1
53,3,916.20,144.33,101.03,274.34,1,-1,-1,-1
53,4,1031.31,85.08,157.27,435.32,1,-1,-1,-1
53,5,1119.30,64.80,131.70,421.96,1,-1,-1,-1
53,7,808.69,143.14,79.31,271.21,1,-1,-1,-1
53,8,900.27,162.17,44.86,236.43,1,-1,-1,-1
54,1,414.67,0.00,550.46,900.40,1,-1,-1,-1
54,3,916.20,145.09,101.32,274.52,1,-1,-1,-1
54,4,1030.93,85.56,157.51,436.39,1,-1,-1,-1
54,5,1119.30,64.80,131.70,423.31,1,-1,-1,-1
54,7,806.20,143.14,81.80,274.06,1,-1,-1,-1
54,8,900.27,162.17,44.86,238.06,1,-1,-1,-1
55,1,416.43,0.00,545.74,873.70,1,-1,-1,-1
55,3,916.20,145.84,101.61,274.72,1,-1,-1,-1
55,4,1030.56,86.03,157.75,437.47,1,-1,-1,-1
55,5,1119.30,64.80,131.70,424.67,1,-1,-1,-1
55,7,806.20,143.14,81.80,276.35,1,-1,-1,-1
55,8,900.27,162.17,44.86,239.68,1,-1,-1,-1
56,1,418.20,0.00,541.00,847.00,1,-1,-1,-1
56,3,916.20,146.60,101.90,274.90,1,-1,-1,-1
56,4,1030.19,86.50,157.98,438.55,1,-1,-1,-1
56,5,1119.30,64.80,131.70,426.03,1,-1,-1,-1
56,7,806.20,143.14,81.80,278.63,1,-1,-1,-1
56,8,900.27,162.17,44.86,241.31,1,-1,-1,-1
57,1,420.57,0.00,534.48,853.23,1,-1,-1,-1
57,3,917.20,147.88,101.47,274.62,1,-1,-1,-1
57,4,1029.82,86.97,158.22,439.63,1,-1,-1,-1
57,5,1119.30,64.80,131.70,427.39,1,-1,-1,-1
57,7,806.20,143.14,81.80,280.92,1,-1,-1,-1
57,8,900.27,162.17,44.86,242.93,1,-1,-1,-1
58,1,422.93,0.00,527.97,859.47,1,-1,-1,-1
58,3,918.20,149.17,101.03,274.33,1,-1,-1,-1
58,4,1029.45,87.44,158.45,440.71,1,-1,-1,-1
58,5,1119.30,64.80,131.70,428.74,1,-1,-1,-1
58,7,806.20,143.14,81.80,283.20,1,-1,-1,-1
58,8,899.80,163.80,45.32,242.48,1,-1,-1,-1
59,1,425.30,0.00,521.45,865.70,1,-1,-1,-1
59,3,919.20,150.45,100.60,274.05,1,-1,-1,-1
59,4,1029.08,87.91,158.69,441.79,1,-1,-1,-1
59,5,1119.30,64.80,131.70,430.10,1,-1,-1,-1
59,7,806.20,143.14,81.80,285.49,1,-1,-1,-1
59,8,899.34,165.43,45.78,242.02,1,-1,-1,-1
60,1,427.67,0.00,514.93,871.93,1,-1,-1,-1
60,3,920.20,151.73,100.17,273.77,1,-1,-1,-1
60,4,1028.70,88.38,158.93,442.87,1,-1,-1,-1
60,5,1119.30,64.80,131.70,431.46,1,-1,-1,-1
60,7,806.20,143.14,81.80,287.77,1,-1,-1,-1
60,8,898.87,167.07,46.24,241.56,1,-1,-1,-1
61,1,430.03,0.00,508.42,878.17,1,-1,-1,-1
61,3,921.20,153.02,99.73,273.48,1,-1,-1,-1
61,4,1028.33,88.86,159.17,443.94,1,-1,-1,-1
61,5,1119.30,64.80,131.70,432.81,1,-1,-1,-1
61,7,806.20,143.14,81.80,290.06,1,-1,-1,-1
61,8,898.40,168.70,46.70,241.10,1,-1,-1,-1
62,1,432.40,0.00,501.90,884.40,1,-1,-1,-1
62,3,922.20,154.30,99.30,273.20,1,-1,-1,-1
62,4,1027.96,89.33,159.40,445.02,1,-1,-1,-1
62,5,1119.30,64.80,131.70,434.17,1,-1,-1,-1
62,7,804.42,144.92,81.80,290.06,1,-1,-1,-1
62,8,897.23,169.88,50.67,241.55,1,-1,-1,-1
63,1,439.96,0.00,489.00,878.18,1,-1,-1,-1
63,3,924.00,154.30,98.44,274.31,1,-1,-1,-1
63,4,1027.59,89.80,159.64,446.10,1,-1,-1,-1
63,5,1119.30,64.80,131.70,435.53,1,-1,-1,-1
63,7,802.64,146.69,81.80,290.07,1,-1,-1,-1
63,8,896.05,171.05,54.65,242.00,1,-1,-1,-1
64,1,447.53,0.00,476.09,871.95,1,-1,-1,-1
64,3,925.80,154.30,97.58,275.42,1,-1,-1,-1
64,4,1027.22,90.27,159.87,447.18,1,-1,-1,-1
64,5,1119.30,64.80,131.70,436.89,1,-1,-1,-1
64,7,800.86,148.47,81.80,290.07,1,-1,-1,-1
64,8,894.88,172.23,58.62,242.45,1,-1,-1,-1
65,1,455.09,0.00,463.20,865.73,1,-1,-1,-1
65,3,927.60,154.30,96.72,276.53,1,-1,-1,-1
65,4,1026.84,90.74,160.12,448.26,1,-1,-1,-1
65,5,1119.30,64.80,131.70,438.24,1,-1,-1,-1
65,7,799.08,150.25,81.80,290.07,1,-1,-1,-1
65,8,893.70,173.40,62.60,242.90,1,-1,-1,-1
66,1,462.65,0.00,450.30,859.50,1,-1,-1,-1
66,3,929.40,154.30,95.86,277.64,1,-1,-1,-1
66,4,1026.47,91.21,160.35,449.34,1,-1,-1,-1
66,5,1119.30,64.80,131.70,439.60,1,-1,-1,-1
66,7,797.75,150.25,81.80,290.07,1,-1,-1,-1
66,8,892.87,173.40,63.43,243.73,1,-1,-1,-1
67,1,470.21,0.00,437.40,853.28,1,-1,-1,-1
67,3,931.20,154.30,95.00,278.75,1,-1,-1,-1
67,4,1026.10,91.68,160.59,450.42,1,-1,-1,-1
67,5,1121.64,65.02,130.92,440.82,1,-1,-1,-1
67,7,796.41,150.25,81.80,290.07,1,-1,-1,-1
67,8,892.03,173.40,64.27,244.57,1,-1,-1,-1
68,1,477.78,0.00,424.49,847.05,1,-1,-1,-1
68,3,933.00,154.30,94.14,279.86,1,-1,-1,-1
68,4,1028.19,91.09,161.73,453.13,1,-1,-1,-1
68,5,1123.97,65.24,130.14,442.05,1,-1,-1,-1
68,7,795.08,150.25,81.80,290.07,1,-1,-1,-1
68,8,891.20,173.40,65.10,245.40,1,-1,-1,-1
69,1,485.34,0.00,411.60,840.83,1,-1,-1,-1
69,3,934.80,154.30,93.28,280.97,1,-1,-1,-1
69,4,1030.27,90.50,162.88,455.84,1,-1,-1,-1
69,5,1126.31,65.47,129.36,443.26,1,-1,-1,-1
69,7,793.74,150.25,81.80,290.07,1,-1,-1,-1
69,8,890.37,173.40,65.93,246.23,1,-1,-1,-1
70,1,492.90,0.00,398.70,834.60,1,-1,-1,-1
70,3,936.60,154.30,92.42,282.08,1,-1,-1,-1
70,4,1032.36,89.91,164.03,458.55,1,-1,-1,-1
70,5,1128.65,65.69,128.58,444.49,1,-1,-1,-1
70,7,793.49,151.27,81.80,290.06,1,-1,-1,-1
70,8,889.53,173.40,66.77,247.07,1,-1,-1,-1
71,1,494.24,0.00,394.25,828.60,1,-1,-1,-1
71,3,938.40,154.30,91.56,283.19,1,-1,-1,-1
71,4,1034.44,89.32,165.18,461.26,1,-1,-1,-1
71,5,1130.99,65.91,127.79,445.71,1,-1,-1,-1
71,7,793.24,152.29,81.80,290.06,1,-1,-1,-1
71,8,888.70,173.40,67.60,247.90,1,-1,-1,-1
72,1,495.58,0.00,389.80,822.60,1,-1,-1,-1
72,3,940.20,154.30,90.70,284.30,1,-1,-1,-1
72,4,1036.53,88.73,166.32,463.97,1,-1,-1,-1
72,5,1133.32,66.13,127.02,446.93,1,-1,-1,-1
72,7,792.98,153.30,81.80,290.07,1,-1,-1,-1
72,8,887.87,173.40,68.43,248.73,1,-1,-1,-1
73,1,496.91,0.00,385.35,816.60,1,-1,-1,-1
73,2,820.95,164.98,58.85,260.52,1,-1,-1,-1
73,3,943.05,155.02,90.85,284.58,1,-1,-1,-1
73,4,1038.61,88.14,167.48,466.68,1,-1,-1,-1
73,5,1135.66,66.36,126.24,448.15,1,-1,-1,-1
73,7,792.73,154.32,81.80,290.06,1,-1,-1,-1
73,8,887.03,173.40,69.27,249.57,1,-1,-1,-1
74,1,498.25,0.00,380.90,810.60,1,-1,-1,-1
74,2,821.33,165.32,59.30,261.22,1,-1,-1,-1
74,3,945.90,155.73,91.00,284.87,1,-1,-1,-1
74,4,1040.70,87.55,168.62,469.39,1,-1,-1,-1
74,5,1138.00,66.58,125.46,449.37,1,-1,-1,-1
74,7,792.47,155.34,81.80,290.06,1,-1,-1,-1
74,8,886.20,173.40,70.10,250.40,1,-1,-1,-1
75,1,499.59,0.00,376.45,804.60,1,-1,-1,-1
75,2,821.72,165.67,59.75,261.91,1,-1,-1,-1
75,3,948.75,156.45,91.15,285.15,1,-1,-1,-1
75,4,1042.78,86.96,169.77,472.09,1,-1,-1,-1
75,5,1140.34,66.80,124.67,450.59,1,-1,-1,-1
75,7,792.22,156.35,81.80,290.07,1,-1,-1,-1
75,8,887.00,174.47,71.17,250.93,1,-1,-1,-1
76,1,500.92,0.00,372.01,798.60,1,-1,-1,-1
76,2,822.10,166.02,60.20,262.60,1,-1,-1,-1
76,3,951.60,157.17,91.30,285.43,1,-1,-1,-1
76,4,1044.87,86.37,170.91,474.80,1,-1,-1,-1
76,5,1142.67,67.02,123.90,451.82,1,-1,-1,-1
76,7,791.96,157.37,81.80,290.07,1,-1,-1,-1
76,8,887.80,175.54,72.24,251.46,1,-1,-1,-1
77,1,502.26,0.00,367.55,792.60,1,-1,-1,-1
77,2,822.48,166.37,60.65,263.29,1,-1,-1,-1
77,3,954.45,157.88,91.45,285.72,1,-1,-1,-1
77,4,1046.95,85.78,172.07,477.51,1,-1,-1,-1
77,5,1145.01,67.25,123.12,453.03,1,-1,-1,-1
77,7,791.96,158.71,83.14,291.39,1,-1,-1,-1
77,8,888.60,176.60,73.31,252.00,1,-1,-1,-1
78,1,503.60,0.00,363.10,786.60,1,-1,-1,-1
78,2,822.87,166.72,61.10,263.98,1,-1,-1,-1
78,3,957.30,158.60,91.60,286.00,1,-1,-1,-1
78,4,1049.04,85.18,173.21,480.23,1,-1,-1,-1
78,5,1147.35,67.47,122.33,454.26,1,-1,-1,-1
78,7,791.96,160.04,84.47,292.73,1,-1,-1,-1
78,8,889.40,177.67,74.39,252.53,1,-1,-1,-1
79,1,503.60,0.00,363.10,791.95,1,-1,-1,-1
79,2,823.25,167.07,61.55,264.67,1,-1,-1,-1
79,3,957.82,159.46,93.99,285.82,1,-1,-1,-1
79,4,1051.13,84.59,174.35,482.94,1,-1,-1,-1
79,5,1149.69,67.69,121.55,455.48,1,-1,-1,-1
79,7,791.96,161.37,85.81,294.06,1,-1,-1,-1
79,8,890.21,178.74,75.45,253.06,1,-1,-1,-1
80,1,503.60,0.00,363.10,797.30,1,-1,-1,-1
80,2,823.63,167.41,62.00,265.37,1,-1,-1,-1
80,3,958.34,160.31,96.38,285.65,1,-1,-1,-1
80,4,1053.21,84.00,175.50,485.65,1,-1,-1,-1
80,5,1152.02,67.91,120.78,456.70,1,-1,-1,-1
80,7,791.96,162.71,87.14,295.39,1,-1,-1,-1
80,8,891.01,179.81,76.52,253.59,1,-1,-1,-1
81,1,503.60,0.00,361.52,796.70,1,-1,-1,-1
81,2,824.02,167.76,62.45,266.06,1,-1,-1,-1
81,3,958.86,161.17,98.77,285.47,1,-1,-1,-1
81,4,1055.30,83.41,176.65,488.36,1,-1,-1,-1
81,5,1154.36,68.14,119.99,457.92,1,-1,-1,-1
81,7,791.96,162.71,87.14,296.15,1,-1,-1,-1
81,8,891.81,180.88,77.59,254.12,1,-1,-1,-1
82,1,503.60,0.00,359.94,796.10,1,-1,-1,-1
82,2,824.40,168.11,62.90,266.75,1,-1,-1,-1
82,3,959.38,162.02,101.16,285.30,1,-1,-1,-1
82,4,1057.38,82.82,177.80,491.07,1,-1,-1,-1
82,5,1156.70,68.36,119.21,459.14,1,-1,-1,-1
82,7,791.96,162.71,87.14,296.90,1,-1,-1,-1
82,8,892.64,181.19,78.32,254.95,1,-1,-1,-1
83,1,503.60,0.00,358.37,795.50,1,-1,-1,-1
83,2,824.78,168.46,63.35,267.44,1,-1,-1,-1
83,3,959.90,162.88,103.55,285.12,1,-1,-1,-1
83,4,1059.47,82.23,178.94,493.78,1,-1,-1,-1
83,5,1158.18,67.77,120.85,461.21,1,-1,-1,-1
83,7,791.96,162.71,87.14,297.66,1,-1,-1,-1
83,8,893.47,181.50,79.04,255.79,1,-1,-1,-1
84,1,503.60,0.00,356.79,787.35,1,-1,-1,-1
84,2,825.17,168.81,63.80,268.13,1,-1,-1,-1
84,3,960.24,162.62,105.10,286.23,1,-1,-1,-1
84,4,1061.55,81.64,180.09,496.49,1,-1,-1,-1
84,5,1159.67,67.17,122.47,463.30,1,-1,-1,-1
84,7,791.96,162.71,87.14,298.42,1,-1,-1,-1
84,8,894.31,181.82,79.76,256.61,1,-1,-1,-1
85,1,503.60,0.00,355.21,779.20,1,-1,-1,-1
85,2,825.55,169.16,64.25,268.82,1,-1,-1,-1
85,3,960.58,162.36,106.64,287.34,1,-1,-1,-1
85,4,1063.64,81.05,181.24,499.20,1,-1,-1,-1
85,5,1161.15,66.58,124.10,465.37,1,-1,-1,-1
85,7,791.96,162.71,87.14,299.18,1,-1,-1,-1
85,8,895.14,182.13,80.48,257.45,1,-1,-1,-1
86,1,503.60,0.00,353.63,771.05,1,-1,-1,-1
86,2,825.93,169.50,64.70,269.52,1,-1,-1,-1
86,3,960.92,162.11,108.19,288.44,1,-1,-1,-1
86,4,1065.72,80.46,182.39,501.91,1,-1,-1,-1
86,5,1162.63,65.99,125.74,467.44,1,-1,-1,-1
86,7,791.96,162.71,87.14,299.93,1,-1,-1,-1
86,8,895.97,182.44,81.21,258.28,1,-1,-1,-1
87,1,503.60,0.00,352.06,762.90,1,-1,-1,-1
87,2,826.32,169.85,65.15,270.21,1,-1,-1,-1
87,3,961.26,161.85,109.73,289.55,1,-1,-1,-1
87,4,1067.81,79.87,183.53,504.62,1,-1,-1,-1
87,5,1164.12,65.39,127.36,469.53,1,-1,-1,-1
87,7,791.96,162.71,87.14,300.69,1,-1,-1,-1
87,8,896.80,182.76,81.93,259.11,1,-1,-1,-1
88,1,503.60,0.00,350.48,742.75,1,-1,-1,-1
88,2,826.70,170.20,65.60,270.90,1,-1,-1,-1
88,3,961.60,161.59,111.28,290.66,1,-1,-1,-1
88,4,1069.89,79.28,184.68,507.33,1,-1,-1,-1
88,5,1165.60,64.80,129.00,471.60,1,-1,-1,-1
88,7,791.96,161.82,87.67,302.47,1,-1,-1,-1
88,8,897.64,183.07,82.65,259.94,1,-1,-1,-1
89,1,503.60,0.00,348.90,722.60,1,-1,-1,-1
89,2,826.18,170.20,67.20,271.78,1,-1,-1,-1
89,3,961.94,161.33,112.82,291.77,1,-1,-1,-1
89,4,1071.98,78.69,185.83,510.04,1,-1,-1,-1
89,5,1167.08,64.21,130.63,473.67,1,-1,-1,-1
89,7,791.96,160.93,88.20,304.25,1,-1,-1,-1
89,8,898.47,183.39,83.37,260.77,1,-1,-1,-1
90,1,503.60,0.00,348.90,721.70,1,-1,-1,-1
90,2,825.65,170.20,68.81,272.67,1,-1,-1,-1
90,3,962.28,161.07,114.37,292.88,1,-1,-1,-1
90,4,1074.06,78.09,186.98,512.76,1,-1,-1,-1
90,5,1168.57,63.61,132.25,475.76,1,-1,-1,-1
90,7,791.96,160.04,88.73,306.03,1,-1,-1,-1
90,8,899.30,183.70,84.10,261.60,1,-1,-1,-1
91,1,503.60,0.00,348.90,720.80,1,-1,-1,-1
91,2,825.13,170.20,70.41,273.55,1,-1,-1,-1
91,3,962.62,160.82,115.91,293.98,1,-1,-1,-1
91,4,1076.15,77.50,188.12,515.46,1,-1,-1,-1
91,5,1170.05,63.02,133.89,477.83,1,-1,-1,-1
91,7,791.96,159.15,89.26,307.81,1,-1,-1,-1
91,8,900.70,183.54,84.10,261.60,1,-1,-1,-1
92,1,503.60,0.00,348.90,723.90,1,-1,-1,-1
92,2,824.61,170.20,72.00,274.44,1,-1,-1,-1
92,3,962.96,160.56,117.46,295.09,1,-1,-1,-1
92,4,1078.24,76.91,189.26,518.17,1,-1,-1,-1
92,5,1171.53,62.43,135.52,479.90,1,-1,-1,-1
92,7,791.96,158.25,89.79,309.60,1,-1,-1,-1
92,8,902.10,183.39,84.10,261.60,1,-1,-1,-1
93,1,503.60,0.00,348.90,727.00,1,-1,-1,-1
93,2,824.08,170.20,73.61,275.32,1,-1,-1,-1
93,3,963.30,160.30,119.00,296.20,1,-1,-1,-1
93,4,1080.32,76.32,190.42,520.88,1,-1,-1,-1
93,5,1173.02,61.83,137.15,481.99,1,-1,-1,-1
93,7,791.96,157.36,90.32,311.38,1,-1,-1,-1
93,8,903.51,183.23,84.10,261.60,1,-1,-1,-1
94,1,503.60,0.00,348.90,730.10,1,-1,-1,-1
94,2,823.56,170.20,75.21,276.21,1,-1,-1,-1
94,3,965.39,159.81,120.58,297.55,1,-1,-1,-1
94,4,1082.41,75.73,191.56,523.59,1,-1,-1,-1
94,5,1174.50,61.24,138.78,484.06,1,-1,-1,-1
94,7,791.96,156.47,90.85,313.16,1,-1,-1,-1
94,8,904.91,183.08,84.10,261.60,1,-1,-1,-1
95,1,503.60,0.00,348.90,733.20,1,-1,-1,-1
95,2,823.04,170.20,76.81,277.09,1,-1,-1,-1
95,3,967.47,159.33,122.17,298.88,1,-1,-1,-1
95,4,1084.49,75.14,192.71,526.30,1,-1,-1,-1
95,5,1177.93,59.46,140.69,487.62,1,-1,-1,-1
95,7,791.96,155.58,91.38,314.94,1,-1,-1,-1
95,8,906.31,182.92,84.10,261.60,1,-1,-1,-1
96,1,515.60,0.00,335.58,736.33,1,-1,-1,-1
96,2,822.52,170.20,78.41,277.98,1,-1,-1,-1
96,3,969.56,158.84,123.75,300.23,1,-1,-1,-1
96,4,1086.58,74.55,193.85,529.01,1,-1,-1,-1
96,5,1181.36,57.68,142.60,491.18,1,-1,-1,-1
96,7,791.96,154.69,91.91,316.72,1,-1,-1,-1
96,8,907.71,182.77,84.10,261.60,1,-1,-1,-1
97,1,527.60,0.00,322.25,739.45,1,-1,-1,-1
97,2,821.99,170.20,80.02,278.86,1,-1,-1,-1
97,3,971.64,158.36,125.35,301.57,1,-1,-1,-1
97,4,1088.66,73.96,195.01,531.72,1,-1,-1,-1
97,5,1184.79,55.90,144.51,494.74,1,-1,-1,-1
97,7,791.96,153.80,92.44,318.50,1,-1,-1,-1
97,8,909.58,182.63,84.63,262.14,1,-1,-1,-1
98,1,539.60,0.00,308.93,742.58,1,-1,-1,-1
98,2,821.47,170.20,81.62,279.75,1,-1,-1,-1
98,3,973.73,157.87,126.93,302.92,1,-1,-1,-1
98,4,1090.75,73.37,196.15,534.43,1,-1,-1,-1
98,5,1188.21,54.12,146.42,498.29,1,-1,-1,-1
98,7,795.97,153.67,90.83,318.90,1,-1,-1,-1
98,8,911.45,182.49,85.16,262.69,1,-1,-1,-1
99,1,551.60,0.00,295.60,745.70,1,-1,-1,-1
99,2,820.95,170.20,83.21,280.63,1,-1,-1,-1
99,3,975.81,157.39,128.52,304.25,1,-1,-1,-1
99,4,1094.76,71.51,197.43,539.33,1,-1,-1,-1
99,5,1191.64,52.34,148.33,501.85,1,-1,-1,-1
99,7,799.97,153.53,89.23,319.31,1,-1,-1,-1
99,8,913.32,182.35,85.69,263.23,1,-1,-1,-1
100,1,558.70,0.00,291.15,745.70,1,-1,-1,-1
100,2,820.42,170.20,84.82,281.52,1,-1,-1,-1
100,3,977.90,156.90,130.10,305.60,1,-1,-1,-1
100,4,1098.78,69.65,198.70,544.22,1,-1,-1,-1
100,5,1195.07,50.56,150.24,505.41,1,-1,-1,-1
100,7,803.98,153.40,87.62,319.71,1,-1,-1,-1
100,8,915.19,182.21,86.21,263.78,1,-1,-1,-1
101,1,565.80,0.00,286.70,745.70,1,-1,-1,-1
101,2,819.90,170.20,86.42,282.40,1,-1,-1,-1
101,3,980.21,156.64,131.73,306.63,1,-1,-1,-1
101,4,1102.79,67.79,199.98,549.12,1,-1,-1,-1
101,5,1198.50,48.79,152.15,508.96,1,-1,-1,-1
101,7,807.98,153.27,86.02,320.12,1,-1,-1,-1
101,8,917.06,182.08,86.74,264.31,1,-1,-1,-1
102,1,574.70,0.00,278.70,730.60,1,-1,-1,-1
102,2,826.70,170.20,80.70,276.60,1,-1,-1,-1
102,3,982.52,156.38,133.36,307.66,1,-1,-1,-1
102,4,1106.80,65.92,201.26,554.03,1,-1,-1,-1
102,5,1201.93,47.01,154.06,512.52,1,-1,-1,-1
102,7,811.99,153.13,84.41,320.53,1,-1,-1,-1
102,8,918.93,181.94,87.27,264.86,1,-1,-1,-1
103,1,583.60,0.00,270.70,715.50,1,-1,-1,-1
103,2,829.63,170.72,79.80,277.40,1,-1,-1,-1
103,3,984.83,156.12,134.99,308.69,1,-1,-1,-1
103,4,1110.82,64.06,202.53,558.92,1,-1,-1,-1
103,5,1205.36,45.23,155.97,516.08,1,-1,-1,-1
103,7,815.99,153.00,82.81,320.93,1,-1,-1,-1
103,8,920.79,181.80,87.81,265.40,1,-1,-1,-1
104,1,589.85,0.00,270.70,709.25,1,-1,-1,-1
104,2,832.55,171.24,78.90,278.20,1,-1,-1,-1
104,3,987.14,155.86,136.62,309.72,1,-1,-1,-1
104,4,1114.83,62.20,203.82,563.82,1,-1,-1,-1
104,5,1208.79,43.45,157.87,519.64,1,-1,-1,-1
104,7,820.00,152.87,81.20,321.33,1,-1,-1,-1
104,8,922.43,181.80,88.75,266.56,1,-1,-1,-1
105,1,596.10,0.00,270.70,703.00,1,-1,-1,-1
105,2,835.48,171.75,78.00,279.00,1,-1,-1,-1
105,3,989.45,155.60,138.25,310.75,1,-1,-1,-1
105,4,1118.84,60.34,205.10,568.72,1,-1,-1,-1
105,5,1212.21,41.67,159.79,523.19,1,-1,-1,-1
105,7,823.27,151.94,81.20,322.26,1,-1,-1,-1
105,8,924.07,181.80,89.68,267.73,1,-1,-1,-1
106,1,603.20,0.00,268.05,687.85,1,-1,-1,-1
106,2,838.41,172.27,77.10,279.80,1,-1,-1,-1
106,3,991.76,155.34,139.88,311.78,1,-1,-1,-1
106,4,1122.86,58.48,206.37,573.61,1,-1,-1,-1
106,5,1215.64,39.89,161.70,526.75,1,-1,-1,-1
106,7,826.53,151.01,81.20,323.19,1,-1,-1,-1
106,8,925.70,181.80,90.63,268.89,1,-1,-1,-1
107,1,610.30,0.00,265.40,672.70,1,-1,-1,-1
107,2,841.34,172.79,76.20,280.60,1,-1,-1,-1
107,3,994.07,155.08,141.51,312.81,1,-1,-1,-1
107,4,1126.87,56.62,207.65,578.51,1,-1,-1,-1
107,5,1219.07,38.11,163.61,530.31,1,-1,-1,-1
107,7,829.80,150.08,81.20,324.12,1,-1,-1,-1
107,8,927.34,181.80,91.56,270.05,1,-1,-1,-1
108,1,618.30,0.00,263.17,674.93,1,-1,-1,-1
108,2,844.26,173.31,75.30,281.40,1,-1,-1,-1
108,3,996.38,154.82,143.14,313.84,1,-1,-1,-1
108,4,1130.89,54.76,208.92,583.41,1,-1,-1,-1
108,5,1222.50,36.33,165.52,533.87,1,-1,-1,-1
108,7,833.07,149.16,81.20,325.04,1,-1,-1,-1
108,8,928.97,181.80,92.51,271.21,1,-1,-1,-1
109,1,626.30,0.00,260.95,677.15,1,-1,-1,-1
109,2,847.19,173.83,74.40,282.20,1,-1,-1,-1
109,3,998.69,154.56,144.77,314.87,1,-1,-1,-1
109,4,1134.90,52.90,210.20,588.30,1,-1,-1,-1
109,5,1228.16,35.36,166.00,537.75,1,-1,-1,-1
109,7,836.33,148.23,81.20,325.97,1,-1,-1,-1
109,8,930.61,181.80,93.44,272.38,1,-1,-1,-1
110,1,634.30,0.00,258.72,679.38,1,-1,-1,-1
110,2,850.12,174.35,73.50,283.00,1,-1,-1,-1
110,3,1001.00,154.30,146.40,315.90,1,-1,-1,-1
110,4,1141.00,51.81,211.73,592.01,1,-1,-1,-1
110,5,1233.83,34.39,166.48,541.63,1,-1,-1,-1
110,7,839.60,147.30,81.20,326.90,1,-1,-1,-1
110,8,932.24,181.80,94.39,273.54,1,-1,-1,-1
111,1,642.30,0.00,256.50,681.60,1,-1,-1,-1
111,2,853.05,174.86,72.60,283.80,1,-1,-1,-1
111,3,1003.85,154.30,147.19,317.18,1,-1,-1,-1
111,4,1147.10,50.72,213.27,595.71,1,-1,-1,-1
111,5,1239.49,33.42,166.97,545.51,1,-1,-1,-1
111,7,842.99,147.30,80.02,323.16,1,-1,-1,-1
111,8,933.88,181.80,95.32,274.70,1,-1,-1,-1
112,1,650.12,0.00,256.86,686.22,1,-1,-1,-1
112,2,855.97,175.38,71.70,284.60,1,-1,-1,-1
112,3,1006.70,154.30,147.98,318.47,1,-1,-1,-1
112,4,1153.20,49.63,214.80,599.42,1,-1,-1,-1
112,5,1245.15,32.45,167.46,549.39,1,-1,-1,-1
112,7,846.38,147.30,78.85,319.42,1,-1,-1,-1
112,8,937.15,182.50,95.33,275.40,1,-1,-1,-1
113,1,657.94,0.00,257.22,690.84,1,-1,-1,-1
113,2,858.90,175.90,70.80,285.40,1,-1,-1,-1
113,3,1009.55,154.30,148.77,319.75,1,-1,-1,-1
113,4,1159.30,48.54,216.33,603.13,1,-1,-1,-1
113,5,1250.82,31.48,167.93,553.27,1,-1,-1,-1
113,7,849.76,147.30,77.68,315.69,1,-1,-1,-1
113,8,940.42,183.20,95.33,276.10,1,-1,-1,-1
114,1,665.76,0.00,257.58,695.46,1,-1,-1,-1
114,2,883.30,175.90,46.40,285.40,1,-1,-1,-1
114,3,1012.40,154.30,149.57,321.03,1,-1,-1,-1
114,4,1165.40,47.45,217.87,606.83,1,-1,-1,-1
114,5,1256.48,30.51,168.42,557.14,1,-1,-1,-1
114,7,853.15,147.30,76.50,311.95,1,-1,-1,-1
114,8,943.69,183.90,95.34,276.80,1,-1,-1,-1
114,9,0.00,660.65,143.83,419.35,1,-1,-1,-1
115,1,673.58,0.00,257.94,700.08,1,-1,-1,-1
115,3,1015.25,154.30,150.36,322.32,1,-1,-1,-1
115,4,1171.50,46.36,219.40,610.54,1,-1,-1,-1
115,5,1262.15,29.53,168.90,561.03,1,-1,-1,-1
115,7,856.54,147.30,75.32,308.21,1,-1,-1,-1
115,8,946.96,184.60,95.34,277.50,1,-1,-1,-1
115,9,0.00,499.10,183.36,580.90,1,-1,-1,-1
116,1,681.40,0.00,258.30,704.70,1,-1,-1,-1
116,3,1018.10,154.30,151.15,323.60,1,-1,-1,-1
116,4,1175.17,43.31,222.01,617.43,1,-1,-1,-1
116,5,1267.81,28.56,169.38,564.91,1,-1,-1,-1
116,7,859.93,147.30,74.15,304.47,1,-1,-1,-1
116,8,948.83,184.25,95.34,279.01,1,-1,-1,-1
116,9,0.00,337.55,222.88,742.45,1,-1,-1,-1
117,1,686.75,0.00,257.40,704.70,1,-1,-1,-1
117,3,1020.95,154.30,151.94,324.88,1,-1,-1,-1
117,4,1178.83,40.26,224.63,624.32,1,-1,-1,-1
117,5,1273.47,27.59,169.87,568.79,1,-1,-1,-1
117,7,863.31,147.30,72.98,300.74,1,-1,-1,-1
117,8,950.70,183.90,95.34,280.53,1,-1,-1,-1
117,9,0.00,176.00,262.40,904.00,1,-1,-1,-1
118,1,692.10,0.00,256.50,704.70,1,-1,-1,-1
118,3,1023.80,154.30,152.73,326.17,1,-1,-1,-1
118,4,1182.50,37.21,227.24,631.21,1,-1,-1,-1
118,5,1279.14,26.62,170.35,572.67,1,-1,-1,-1
118,7,866.70,147.30,71.80,297.00,1,-1,-1,-1
118,8,952.57,183.55,95.34,282.04,1,-1,-1,-1
118,9,0.00,140.80,318.66,939.20,1,-1,-1,-1
119,1,695.66,0.00,257.56,698.66,1,-1,-1,-1
119,3,1026.65,154.30,153.53,327.45,1,-1,-1,-1
119,4,1186.17,34.16,229.85,638.10,1,-1,-1,-1
119,5,1284.80,25.65,170.83,576.55,1,-1,-1,-1
119,7,866.70,147.30,73.70,297.00,1,-1,-1,-1
119,8,954.44,183.20,95.34,283.55,1,-1,-1,-1
119,9,0.00,105.60,374.92,974.40,1,-1,-1,-1
120,1,699.22,0.00,258.62,692.62,1,-1,-1,-1
120,3,1029.50,154.30,154.32,328.73,1,-1,-1,-1
120,4,1189.83,31.10,232.47,645.00,1,-1,-1,-1
120,5,1289.13,22.86,172.86,582.14,1,-1,-1,-1
120,7,866.70,147.30,74.33,297.00,1,-1,-1,-1
120,8,956.31,182.85,95.34,285.06,1,-1,-1,-1
120,9,0.00,70.40,431.18,1009.60,1,-1,-1,-1
121,1,702.78,0.00,259.68,686.58,1,-1,-1,-1
121,3,1032.35,154.30,155.11,330.02,1,-1,-1,-1
121,4,1193.50,28.05,235.08,651.89,1,-1,-1,-1
121,5,1293.46,20.06,174.88,587.74,1,-1,-1,-1
121,7,866.70,147.30,74.97,297.00,1,-1,-1,-1
121,8,958.18,182.50,95.33,286.58,1,-1,-1,-1
121,9,0.00,35.20,487.44,1044.80,1,-1,-1,-1
122,1,706.34,0.00,260.74,680.54,1,-1,-1,-1
122,3,1035.20,154.30,155.90,331.30,1,-1,-1,-1
122,4,1197.17,25.00,237.69,658.78,1,-1,-1,-1
122,5,1297.79,17.26,176.90,593.34,1,-1,-1,-1
122,7,866.70,147.30,75.60,297.00,1,-1,-1,-1
122,8,960.05,182.15,95.33,288.09,1,-1,-1,-1
122,9,0.00,0.00,543.70,1080.00,1,-1,-1,-1
123,1,709.90,0.00,261.80,674.50,1,-1,-1,-1
123,3,1035.20,154.30,157.26,332.52,1,-1,-1,-1
123,4,1200.83,21.95,240.31,665.67,1,-1,-1,-1
123,5,1302.11,14.47,178.93,598.93,1,-1,-1,-1
123,8,961.91,181.80,95.34,289.60,1,-1,-1,-1
123,9,0.00,0.00,572.50,1080.00,1,-1,-1,-1
124,1,715.23,0.00,258.84,671.83,1,-1,-1,-1
124,3,1035.20,154.30,158.62,333.73,1,-1,-1,-1
124,4,1204.50,18.90,242.92,672.56,1,-1,-1,-1
124,5,1306.44,11.67,180.96,604.53,1,-1,-1,-1
124,8,962.64,181.80,95.34,290.53,1,-1,-1,-1
124,9,0.00,0.00,601.30,1080.00,1,-1,-1,-1
125,1,720.57,0.00,255.86,669.17,1,-1,-1,-1
125,3,1035.20,154.30,159.98,334.95,1,-1,-1,-1
125,4,1208.17,15.85,245.53,679.45,1,-1,-1,-1
125,5,1310.77,8.88,182.98,610.12,1,-1,-1,-1
125,8,963.37,181.80,95.34,291.47,1,-1,-1,-1
125,9,0.00,0.00,630.10,1080.00,1,-1,-1,-1
126,1,725.90,0.00,252.90,666.50,1,-1,-1,-1
126,3,1035.20,154.30,161.33,336.17,1,-1,-1,-1
126,4,1211.83,12.80,248.15,686.34,1,-1,-1,-1
126,5,1315.10,6.08,185.00,615.72,1,-1,-1,-1
126,8,964.09,181.80,95.34,292.40,1,-1,-1,-1
126,9,0.00,0.00,658.90,1080.00,1,-1,-1,-1
127,1,731.23,0.00,249.94,663.83,1,-1,-1,-1
127,3,1035.20,154.30,162.69,337.38,1,-1,-1,-1
127,4,1215.50,9.75,250.76,693.23,1,-1,-1,-1
127,5,1317.95,5.47,187.67,619.53,1,-1,-1,-1
127,8,964.82,181.80,95.34,293.33,1,-1,-1,-1
127,9,0.00,0.00,663.42,1080.00,1,-1,-1,-1
128,1,736.57,0.00,246.96,661.17,1,-1,-1,-1
128,3,1035.20,154.30,164.05,338.60,1,-1,-1,-1
128,4,1219.17,6.70,253.37,700.12,1,-1,-1,-1
128,5,1320.80,4.86,190.33,623.34,1,-1,-1,-1
128,8,965.55,181.80,95.34,294.27,1,-1,-1,-1
128,9,0.00,0.00,667.93,1080.00,1,-1,-1,-1
129,1,741.90,0.00,244.00,658.50,1,-1,-1,-1
129,3,1035.20,154.30,165.41,339.82,1,-1,-1,-1
129,4,1222.83,3.65,255.99,707.01,1,-1,-1,-1
129,5,1323.65,4.26,193.00,627.14,1,-1,-1,-1
129,8,966.28,181.80,95.33,295.20,1,-1,-1,-1
129,9,0.00,0.00,672.45,1080.00,1,-1,-1,-1
130,1,746.95,0.00,239.83,661.17,1,-1,-1,-1
130,3,1035.20,154.30,166.77,341.03,1,-1,-1,-1
130,4,1226.50,0.60,258.60,713.90,1,-1,-1,-1
130,5,1326.50,3.65,195.66,630.95,1,-1,-1,-1
130,8,967.00,181.80,95.34,296.13,1,-1,-1,-1
130,9,0.00,0.00,676.97,1080.00,1,-1,-1,-1
131,1,752.00,0.00,235.67,663.83,1,-1,-1,-1
131,3,1035.20,154.30,168.13,342.25,1,-1,-1,-1
131,4,1227.12,0.60,264.54,719.69,1,-1,-1,-1
131,5,1329.35,3.04,198.33,634.76,1,-1,-1,-1
131,8,967.73,181.80,95.34,297.07,1,-1,-1,-1
131,9,0.00,0.00,681.48,1080.00,1,-1,-1,-1
132,1,757.05,0.00,231.50,666.50,1,-1,-1,-1
132,3,1035.20,154.30,169.48,343.47,1,-1,-1,-1
132,4,1227.74,0.60,270.47,725.48,1,-1,-1,-1
132,5,1332.20,2.43,201.00,638.57,1,-1,-1,-1
132,8,968.46,181.80,95.33,298.00,1,-1,-1,-1
132,9,0.00,0.00,686.00,1080.00,1,-1,-1,-1
133,1,762.10,0.00,227.33,669.17,1,-1,-1,-1
133,3,1035.20,154.30,170.84,344.68,1,-1,-1,-1
133,4,1228.36,0.60,276.41,731.27,1,-1,-1,-1
133,5,1335.05,1.82,203.66,642.38,1,-1,-1,-1
133,8,967.79,181.80,96.00,298.67,1,-1,-1,-1
133,9,0.00,0.00,724.40,1080.00,1,-1,-1,-1
134,1,767.15,0.00,223.17,671.83,1,-1,-1,-1
134,3,1035.20,154.30,172.20,345.90,1,-1,-1,-1
134,4,1228.98,0.60,282.34,737.06,1,-1,-1,-1
134,5,1337.90,1.22,206.33,646.18,1,-1,-1,-1
134,8,967.13,181.80,96.67,299.34,1,-1,-1,-1
134,9,0.00,0.00,762.80,1080.00,1,-1,-1,-1
135,1,772.20,0.00,219.00,674.50,1,-1,-1,-1
135,3,1034.34,154.30,170.58,346.67,1,-1,-1,-1
135,4,1229.61,0.60,288.27,742.84,1,-1,-1,-1
135,5,1340.75,0.61,209.00,649.99,1,-1,-1,-1
135,8,966.46,181.80,97.34,300.01,1,-1,-1,-1
135,9,0.00,0.00,801.20,1080.00,1,-1,-1,-1
136,1,778.45,1.33,212.75,667.82,1,-1,-1,-1
136,3,1033.48,154.30,168.96,347.44,1,-1,-1,-1
136,4,1230.23,0.60,294.20,748.63,1,-1,-1,-1
136,5,1343.60,0.00,211.66,653.80,1,-1,-1,-1
136,8,965.80,181.80,98.00,300.69,1,-1,-1,-1
136,9,0.00,0.00,861.52,1080.00,1,-1,-1,-1
137,1,784.70,2.65,206.50,661.15,1,-1,-1,-1
137,3,1032.62,154.30,167.34,348.21,1,-1,-1,-1
137,4,1230.85,0.60,300.14,754.42,1,-1,-1,-1
137,5,1343.16,0.00,212.99,656.03,1,-1,-1,-1
137,8,965.13,181.80,98.67,301.36,1,-1,-1,-1
137,9,0.00,0.00,921.84,1080.00,1,-1,-1,-1
138,1,787.30,3.98,203.90,661.62,1,-1,-1,-1
138,3,1031.76,154.30,165.72,348.98,1,-1,-1,-1
138,4,1231.47,0.60,306.07,760.21,1,-1,-1,-1
138,5,1342.72,0.00,214.31,658.25,1,-1,-1,-1
138,8,964.46,181.80,99.34,302.03,1,-1,-1,-1
138,9,0.00,0.00,982.16,1080.00,1,-1,-1,-1
139,1,788.20,5.30,203.00,669.20,1,-1,-1,-1
139,3,1030.90,154.30,164.10,349.75,1,-1,-1,-1
139,4,1232.09,0.60,312.01,766.00,1,-1,-1,-1
139,5,1342.28,0.00,215.64,660.48,1,-1,-1,-1
139,8,963.80,181.80,100.00,302.70,1,-1,-1,-1
139,9,45.75,0.00,996.73,1080.00,1,-1,-1,-1
140,1,795.40,5.30,195.80,642.50,1,-1,-1,-1
140,3,1030.04,154.30,162.48,350.52,1,-1,-1,-1
140,4,1232.71,0.60,312.43,769.30,1,-1,-1,-1
140,5,1341.83,0.00,216.98,662.70,1,-1,-1,-1
140,8,965.42,179.92,97.21,305.98,1,-1,-1,-1
140,9,91.50,0.00,1011.30,1080.00,1,-1,-1,-1
141,1,826.55,5.30,168.20,635.40,1,-1,-1,-1
141,3,1029.18,154.30,160.86,351.29,1,-1,-1,-1
141,4,1233.33,0.60,312.85,772.60,1,-1,-1,-1
141,5,1341.39,0.00,218.30,664.93,1,-1,-1,-1
141,8,967.05,178.05,94.40,309.25,1,-1,-1,-1
141,9,151.37,0.00,960.46,1080.00,1,-1,-1,-1
142,1,857.70,5.30,140.60,628.30,1,-1,-1,-1
142,3,1028.32,154.30,159.24,352.06,1,-1,-1,-1
142,4,1233.95,0.60,313.27,775.90,1,-1,-1,-1
142,5,1340.95,0.00,219.63,667.15,1,-1,-1,-1
142,8,968.67,176.17,91.61,312.53,1,-1,-1,-1
142,9,211.23,0.00,909.64,1080.00,1,-1,-1,-1
143,1,907.50,5.30,90.80,528.70,1,-1,-1,-1
143,3,1027.46,154.30,157.62,352.83,1,-1,-1,-1
143,4,1234.57,0.60,313.69,779.20,1,-1,-1,-1
143,5,1340.51,0.00,220.96,669.38,1,-1,-1,-1
143,8,970.30,174.30,88.80,315.80,1,-1,-1,-1
143,9,271.10,0.00,858.80,1080.00,1,-1,-1,-1
144,3,1026.60,154.30,156.00,353.60,1,-1,-1,-1
144,4,1235.19,0.60,314.11,782.50,1,-1,-1,-1
144,5,1340.07,0.00,222.28,671.60,1,-1,-1,-1
144,8,989.95,174.30,62.60,315.80,1,-1,-1,-1
144,9,328.97,0.00,809.40,1080.00,1,-1,-1,-1
145,3,1041.16,154.73,133.74,353.60,1,-1,-1,-1
145,4,1235.82,0.60,314.52,785.80,1,-1,-1,-1
145,5,1339.63,0.00,223.61,673.83,1,-1,-1,-1
145,8,1009.60,174.30,36.40,315.80,1,-1,-1,-1
145,9,386.83,0.00,760.02,1080.00,1,-1,-1,-1
146,3,1055.72,155.16,111.48,353.60,1,-1,-1,-1
146,4,1236.44,0.60,314.94,789.10,1,-1,-1,-1
146,5,1339.18,0.00,224.95,676.05,1,-1,-1,-1
146,9,444.70,0.00,710.62,1080.00,1,-1,-1,-1
147,4,1237.06,0.60,315.36,792.40,1,-1,-1,-1
147,5,1338.74,0.00,226.27,678.28,1,-1,-1,-1
147,9,471.00,0.00,692.80,1080.00,1,-1,-1,-1
148,4,1237.68,0.60,315.78,795.70,1,-1,-1,-1
148,5,1338.30,0.00,227.60,680.50,1,-1,-1,-1
148,9,499.80,0.00,731.80,1080.00,1,-1,-1,-1
149,4,1238.30,0.60,316.20,799.00,1,-1,-1,-1
149,5,1344.00,0.00,220.12,684.42,1,-1,-1,-1
149,9,528.60,0.00,770.80,1080.00,1,-1,-1,-1
150,4,1241.80,0.60,312.70,803.37,1,-1,-1,-1
150,5,1349.70,0.00,212.64,688.34,1,-1,-1,-1
150,9,565.87,0.00,789.45,1080.00,1,-1,-1,-1
151,4,1245.30,0.60,309.20,807.73,1,-1,-1,-1
151,5,1355.40,0.00,205.16,692.26,1,-1,-1,-1
151,9,603.15,0.00,808.10,1080.00,1,-1,-1,-1
152,4,1248.80,0.60,305.70,812.10,1,-1,-1,-1
152,5,1361.10,0.00,197.68,696.18,1,-1,-1,-1
152,9,640.42,0.00,826.75,1080.00,1,-1,-1,-1
153,4,1248.80,76.50,303.75,740.80,1,-1,-1,-1
153,5,1366.80,0.00,190.20,700.10,1,-1,-1,-1
153,9,677.70,0.00,845.40,1080.00,1,-1,-1,-1
154,4,1248.80,152.40,301.80,669.50,1,-1,-1,-1
154,5,1367.99,0.00,188.49,700.84,1,-1,-1,-1
154,9,712.94,0.00,845.40,1080.00,1,-1,-1,-1
155,4,1255.35,291.10,231.80,533.40,1,-1,-1,-1
155,5,1369.17,0.00,186.79,701.58,1,-1,-1,-1
155,9,748.18,0.00,845.40,1080.00,1,-1,-1,-1
156,1,809.70,26.60,106.70,99.90,1,-1,-1,-1
156,4,1261.90,429.80,161.80,397.30,1,-1,-1,-1
156,7,716.47,135.17,115.73,403.33,1,-1,-1,-1
156,9,783.42,0.00,845.40,1080.00,1,-1,-1,-1
157,1,790.10,26.60,126.30,589.20,1,-1,-1,-1
157,4,1278.90,429.80,146.10,405.20,1,-1,-1,-1
157,7,712.35,135.17,116.49,403.33,1,-1,-1,-1
157,9,818.66,0.00,845.40,1080.00,1,-1,-1,-1
158,1,790.10,26.60,126.30,596.30,1,-1,-1,-1
158,4,1278.90,737.30,123.90,97.70,1,-1,-1,-1
158,7,708.24,135.17,117.24,403.33,1,-1,-1,-1
158,9,853.90,0.00,845.40,1080.00,1,-1,-1,-1
159,1,790.10,26.60,144.10,596.30,1,-1,-1,-1
159,2,776.82,159.80,62.08,337.30,1,-1,-1,-1
159,4,1278.90,743.80,138.30,101.70,1,-1,-1,-1
159,7,704.13,135.17,117.99,403.33,1,-1,-1,-1
159,9,885.76,0.00,823.02,1080.00,1,-1,-1,-1
160,1,790.10,26.60,171.05,596.30,1,-1,-1,-1
160,2,766.45,159.80,72.45,337.30,1,-1,-1,-1
160,7,700.01,135.17,118.75,403.33,1,-1,-1,-1
160,9,917.62,0.00,800.64,1080.00,1,-1,-1,-1
161,1,790.10,26.60,198.00,596.30,1,-1,-1,-1
161,2,756.07,159.80,82.83,337.30,1,-1,-1,-1
161,7,695.90,135.17,119.50,403.33,1,-1,-1,-1
161,9,949.48,0.00,778.26,1080.00,1,-1,-1,-1
162,1,790.10,31.90,201.00,591.00,1,-1,-1,-1
162,2,745.70,159.80,93.20,337.30,1,-1,-1,-1
162,3,949.60,155.16,76.30,373.34,1,-1,-1,-1
162,7,690.15,132.97,119.33,407.86,1,-1,-1,-1
162,9,981.34,0.00,755.88,1080.00,1,-1,-1,-1
163,1,790.10,33.70,203.68,589.20,1,-1,-1,-1
163,2,745.70,159.80,86.98,337.30,1,-1,-1,-1
163,3,949.60,155.16,83.10,373.34,1,-1,-1,-1
163,7,684.39,130.78,119.18,412.39,1,-1,-1,-1
163,9,1013.20,0.00,733.50,1080.00,1,-1,-1,-1
164,1,790.10,35.50,206.35,587.40,1,-1,-1,-1
164,2,745.70,159.80,80.75,337.30,1,-1,-1,-1
164,3,942.75,153.03,104.50,375.47,1,-1,-1,-1
164,7,678.64,128.58,119.01,416.92,1,-1,-1,-1
164,9,1035.56,0.00,745.02,1080.00,1,-1,-1,-1
165,1,790.10,37.30,209.03,585.60,1,-1,-1,-1
165,2,745.70,159.80,74.53,337.30,1,-1,-1,-1
165,3,935.90,150.90,125.90,377.60,1,-1,-1,-1
165,7,672.88,126.39,118.85,421.44,1,-1,-1,-1
165,9,1057.92,0.00,756.54,1080.00,1,-1,-1,-1
166,1,790.10,39.10,211.70,583.80,1,-1,-1,-1
166,2,745.70,159.80,68.30,337.30,1,-1,-1,-1
166,3,935.90,150.90,124.15,377.60,1,-1,-1,-1
166,7,667.13,124.19,118.69,425.98,1,-1,-1,-1
166,9,1080.28,0.00,768.06,1080.00,1,-1,-1,-1
167,1,790.86,38.59,210.94,584.31,1,-1,-1,-1
167,2,736.23,156.33,77.77,346.84,1,-1,-1,-1
167,3,935.90,150.90,122.40,377.60,1,-1,-1,-1
167,7,661.37,122.00,118.53,430.50,1,-1,-1,-1
167,9,1102.64,0.00,779.58,1080.00,1,-1,-1,-1
168,1,791.61,38.07,210.19,584.83,1,-1,-1,-1
168,2,726.77,152.87,87.23,356.36,1,-1,-1,-1
168,3,935.90,148.55,119.83,379.95,1,-1,-1,-1
168,7,655.78,119.93,124.12,432.57,1,-1,-1,-1
168,9,1125.00,0.00,791.10,1080.00,1,-1,-1,-1
169,1,792.37,37.56,209.43,585.34,1,-1,-1,-1
169,2,717.30,149.40,96.70,365.90,1,-1,-1,-1
169,3,935.90,146.20,117.25,382.30,1,-1,-1,-1
169,7,650.18,117.86,129.72,434.64,1,-1,-1,-1
169,9,1153.80,0.00,764.25,1080.00,1,-1,-1,-1
170,1,793.13,37.04,208.67,585.86,1,-1,-1,-1
170,2,713.31,148.83,99.55,366.70,1,-1,-1,-1
170,3,935.90,143.85,114.68,384.65,1,-1,-1,-1
170,7,644.59,115.79,135.31,436.71,1,-1,-1,-1
170,9,1182.60,0.00,737.40,1080.00,1,-1,-1,-1
171,1,793.89,36.53,207.91,586.37,1,-1,-1,-1
171,2,709.32,148.25,102.40,367.50,1,-1,-1,-1
171,3,935.90,141.50,112.10,387.00,1,-1,-1,-1
171,7,638.99,113.71,140.91,438.79,1,-1,-1,-1
171,9,1200.22,0.00,719.78,1080.00,1,-1,-1,-1
172,1,794.64,36.01,207.16,586.89,1,-1,-1,-1
172,2,705.34,147.68,105.25,368.30,1,-1,-1,-1
172,3,944.00,175.75,101.45,356.15,1,-1,-1,-1
172,4,1189.90,0.00,227.30,870.40,1,-1,-1,-1
172,7,633.39,111.64,146.51,440.86,1,-1,-1,-1
172,9,1217.84,0.00,702.16,1080.00,1,-1,-1,-1
173,1,795.40,35.50,206.40,587.40,1,-1,-1,-1
173,2,701.35,147.10,108.10,369.10,1,-1,-1,-1
173,3,952.10,210.00,90.80,325.30,1,-1,-1,-1
173,4,1189.90,0.00,259.35,883.75,1,-1,-1,-1
173,7,627.80,109.57,152.10,442.93,1,-1,-1,-1
173,8,828.30,165.89,42.00,330.71,1,-1,-1,-1
173,9,1235.46,0.00,684.54,1080.00,1,-1,-1,-1
174,1,806.10,33.75,198.35,579.35,1,-1,-1,-1
174,2,697.36,146.53,110.95,369.90,1,-1,-1,-1
174,3,951.20,231.40,91.70,303.90,1,-1,-1,-1
174,4,1189.90,0.00,291.40,897.10,1,-1,-1,-1
174,7,622.20,107.50,157.70,445.00,1,-1,-1,-1
174,8,824.86,163.39,51.97,333.21,1,-1,-1,-1
174,9,1253.08,0.00,666.92,1080.00,1,-1,-1,-1
175,1,816.80,32.00,190.30,571.30,1,-1,-1,-1
175,2,693.38,145.95,113.79,370.70,1,-1,-1,-1
175,3,946.39,224.48,90.91,310.62,1,-1,-1,-1
175,4,1189.90,0.00,314.08,903.33,1,-1,-1,-1
175,7,616.79,106.96,158.63,447.13,1,-1,-1,-1
175,8,821.43,160.90,61.94,335.70,1,-1,-1,-1
175,9,1270.70,0.00,649.30,1080.00,1,-1,-1,-1
176,1,828.90,33.42,182.82,570.60,1,-1,-1,-1
176,2,689.39,145.37,116.65,371.51,1,-1,-1,-1
176,3,941.58,217.57,90.12,317.33,1,-1,-1,-1
176,4,1189.90,0.00,336.75,909.55,1,-1,-1,-1
176,7,611.38,106.42,159.56,449.26,1,-1,-1,-1
176,8,818.00,158.40,71.90,338.20,1,-1,-1,-1
176,9,1301.20,0.00,618.80,1080.00,1,-1,-1,-1
177,1,841.00,34.84,175.34,569.90,1,-1,-1,-1
177,2,685.40,144.80,119.50,372.30,1,-1,-1,-1
177,4,1189.90,0.00,359.43,915.78,1,-1,-1,-1
177,5,1395.30,0.00,149.20,717.90,1,-1,-1,-1
177,7,605.96,105.88,160.50,451.39,1,-1,-1,-1
177,8,816.88,158.78,80.88,341.38,1,-1,-1,-1
177,9,1331.70,0.00,588.30,1080.00,1,-1,-1,-1
178,1,853.10,36.26,167.86,569.20,1,-1,-1,-1
178,2,683.53,143.89,120.61,374.47,1,-1,-1,-1
178,4,1189.90,0.00,382.10,922.00,1,-1,-1,-1
178,5,1397.05,0.00,147.45,721.45,1,-1,-1,-1
178,7,600.55,105.34,161.43,453.52,1,-1,-1,-1
178,8,815.76,159.16,89.86,344.56,1,-1,-1,-1
178,9,1362.20,0.00,557.80,1080.00,1,-1,-1,-1
179,1,865.20,37.68,160.38,568.50,1,-1,-1,-1
179,2,681.66,142.98,121.72,376.64,1,-1,-1,-1
179,4,1189.90,0.00,388.51,930.36,1,-1,-1,-1
179,5,1398.80,0.00,145.70,725.00,1,-1,-1,-1
179,7,595.14,104.80,162.36,455.65,1,-1,-1,-1
179,8,814.64,159.54,98.84,347.74,1,-1,-1,-1
179,9,1392.70,0.00,527.30,1080.00,1,-1,-1,-1
180,1,877.30,39.10,152.90,567.80,1,-1,-1,-1
180,2,679.78,142.07,122.84,378.81,1,-1,-1,-1
180,4,1189.90,0.00,394.92,938.72,1,-1,-1,-1
180,5,1404.15,0.00,140.35,731.25,1,-1,-1,-1
180,7,589.73,104.26,163.29,457.78,1,-1,-1,-1
180,8,813.52,159.92,107.82,350.92,1,-1,-1,-1
180,9,1472.35,0.00,447.65,1080.00,1,-1,-1,-1
181,1,882.28,43.02,156.10,567.08,1,-1,-1,-1
181,2,677.91,141.16,123.95,380.98,1,-1,-1,-1
181,4,1189.90,0.00,401.33,947.08,1,-1,-1,-1
181,5,1409.50,0.00,135.00,737.50,1,-1,-1,-1
181,7,584.32,103.72,164.22,459.91,1,-1,-1,-1
181,8,812.40,160.30,116.80,354.10,1,-1,-1,-1
181,9,1552.00,0.00,368.00,1080.00,1,-1,-1,-1
182,1,887.26,46.94,159.30,566.36,1,-1,-1,-1
182,2,676.04,140.24,125.05,383.17,1,-1,-1,-1
182,4,1189.90,0.00,407.74,955.44,1,-1,-1,-1
182,5,1413.07,0.00,137.96,741.07,1,-1,-1,-1
182,7,578.90,103.18,165.16,462.04,1,-1,-1,-1
182,8,812.40,160.30,116.80,355.22,1,-1,-1,-1
182,9,1694.35,0.00,225.65,1080.00,1,-1,-1,-1
183,1,892.24,50.86,162.50,565.64,1,-1,-1,-1
183,2,674.17,139.33,126.16,385.34,1,-1,-1,-1
183,4,1189.90,0.00,414.15,963.80,1,-1,-1,-1
183,5,1416.63,0.00,140.94,744.63,1,-1,-1,-1
183,7,573.49,102.64,166.09,464.17,1,-1,-1,-1
183,8,812.40,160.30,116.80,356.34,1,-1,-1,-1
183,9,1836.70,0.00,83.30,1080.00,1,-1,-1,-1
184,1,897.22,54.78,165.70,564.92,1,-1,-1,-1
184,2,672.29,138.42,127.28,387.51,1,-1,-1,-1
184,4,1189.90,0.00,420.56,972.16,1,-1,-1,-1
184,5,1420.20,0.00,143.90,748.20,1,-1,-1,-1
184,7,568.08,102.10,167.02,466.30,1,-1,-1,-1
184,8,812.40,160.30,116.80,357.46,1,-1,-1,-1
184,9,1836.70,0.00,83.30,1080.00,1,-1,-1,-1
185,1,902.20,58.70,168.90,564.20,1,-1,-1,-1
185,2,670.42,137.51,128.39,389.68,1,-1,-1,-1
185,4,1189.90,0.00,426.97,980.52,1,-1,-1,-1
185,5,1420.20,0.00,148.35,751.33,1,-1,-1,-1
185,7,564.58,100.80,167.18,468.46,1,-1,-1,-1
185,8,812.40,160.30,116.80,358.58,1,-1,-1,-1
186,1,906.35,58.70,171.57,563.60,1,-1,-1,-1
186,2,668.55,136.60,129.50,391.85,1,-1,-1,-1
186,4,1189.90,0.00,433.38,988.88,1,-1,-1,-1
186,5,1420.20,0.00,152.80,754.45,1,-1,-1,-1
186,7,561.08,99.50,167.34,470.62,1,-1,-1,-1
186,8,812.40,160.30,116.80,359.70,1,-1,-1,-1
187,1,910.50,58.70,174.23,563.00,1,-1,-1,-1
187,2,666.68,135.69,130.61,394.02,1,-1,-1,-1
187,3,888.70,141.50,81.40,391.20,1,-1,-1,-1
187,4,1189.90,0.00,439.79,997.24,1,-1,-1,-1
187,5,1420.20,0.00,157.25,757.58,1,-1,-1,-1
187,7,557.58,98.20,167.50,472.77,1,-1,-1,-1
187,8,811.21,159.62,117.99,360.89,1,-1,-1,-1
188,1,914.65,58.70,176.90,562.40,1,-1,-1,-1
188,2,664.81,134.78,131.72,396.19,1,-1,-1,-1
188,3,888.70,141.50,81.40,401.20,1,-1,-1,-1
188,4,1189.90,0.00,446.20,1005.60,1,-1,-1,-1
188,7,554.09,96.90,167.64,474.93,1,-1,-1,-1
188,8,810.02,158.94,119.18,362.08,1,-1,-1,-1
189,1,918.80,58.70,179.57,561.80,1,-1,-1,-1
189,2,662.93,133.87,132.84,398.36,1,-1,-1,-1
189,3,888.70,141.50,81.40,411.20,1,-1,-1,-1
189,4,1196.13,0.00,448.42,1014.90,1,-1,-1,-1
189,7,550.59,95.60,167.80,477.09,1,-1,-1,-1
189,8,808.83,158.25,120.37,363.28,1,-1,-1,-1
190,1,922.95,58.70,182.23,561.20,1,-1,-1,-1
190,2,661.06,132.96,133.95,400.53,1,-1,-1,-1
190,3,888.70,141.50,81.40,421.20,1,-1,-1,-1
190,4,1202.35,0.00,450.65,1024.20,1,-1,-1,-1
190,7,547.09,94.30,167.96,479.25,1,-1,-1,-1
190,8,807.64,157.57,121.56,364.47,1,-1,-1,-1
191,1,927.10,58.70,184.90,560.60,1,-1,-1,-1
191,2,659.19,132.04,135.05,402.72,1,-1,-1,-1
191,3,888.70,139.96,85.00,422.74,1,-1,-1,-1
191,4,1208.58,0.00,452.87,1033.50,1,-1,-1,-1
191,7,543.59,93.00,168.12,481.41,1,-1,-1,-1
191,8,806.45,156.89,122.75,365.66,1,-1,-1,-1
192,1,936.00,58.70,180.98,556.68,1,-1,-1,-1
192,2,657.32,131.13,136.16,404.89,1,-1,-1,-1
192,3,888.70,138.42,88.60,424.28,1,-1,-1,-1
192,4,1214.80,0.00,455.10,1042.80,1,-1,-1,-1
192,7,540.09,91.70,168.28,483.57,1,-1,-1,-1
192,8,805.25,156.21,123.95,366.84,1,-1,-1,-1
193,1,944.90,58.70,177.06,552.76,1,-1,-1,-1
193,2,655.44,130.22,137.28,407.06,1,-1,-1,-1
193,3,888.70,136.88,92.20,425.82,1,-1,-1,-1
193,4,1221.03,0.00,457.32,1052.10,1,-1,-1,-1
193,7,536.59,90.40,168.44,485.73,1,-1,-1,-1
193,8,804.06,155.53,125.14,368.03,1,-1,-1,-1
194,1,953.80,58.70,173.14,548.84,1,-1,-1,-1
194,2,653.57,129.31,138.39,409.23,1,-1,-1,-1
194,3,888.70,135.34,95.80,427.36,1,-1,-1,-1
194,4,1227.25,0.00,459.55,1061.40,1,-1,-1,-1
194,7,533.10,89.10,168.58,487.88,1,-1,-1,-1
194,8,802.87,154.85,126.33,369.22,1,-1,-1,-1
195,1,962.70,58.70,169.22,544.92,1,-1,-1,-1
195,2,651.70,128.40,139.50,411.40,1,-1,-1,-1
195,3,888.70,133.80,99.40,428.90,1,-1,-1,-1
195,4,1233.48,0.00,461.77,1070.70,1,-1,-1,-1
195,7,529.60,87.80,168.74,490.04,1,-1,-1,-1
195,8,801.68,154.16,127.52,370.42,1,-1,-1,-1
196,1,971.60,58.70,165.30,541.00,1,-1,-1,-1
196,2,650.99,126.98,139.50,413.83,1,-1,-1,-1
196,3,888.70,131.58,99.40,431.12,1,-1,-1,-1
196,4,1239.70,0.00,464.00,1080.00,1,-1,-1,-1
196,7,526.10,86.50,168.90,492.20,1,-1,-1,-1
196,8,800.49,153.48,128.71,371.61,1,-1,-1,-1
197,1,974.90,57.94,168.10,541.76,1,-1,-1,-1
197,2,650.28,125.56,139.50,416.26,1,-1,-1,-1
197,3,888.70,129.36,99.40,433.34,1,-1,-1,-1
197,4,1245.93,0.00,474.67,1080.00,1,-1,-1,-1
197,7,523.17,84.94,169.15,495.72,1,-1,-1,-1
197,8,799.30,152.80,129.90,372.80,1,-1,-1,-1
198,1,978.20,57.19,170.90,542.51,1,-1,-1,-1
198,2,649.57,124.13,139.50,418.70,1,-1,-1,-1
198,3,888.70,127.14,99.40,435.56,1,-1,-1,-1
198,4,1252.17,0.00,485.33,1080.00,1,-1,-1,-1
198,7,520.24,83.38,169.40,499.24,1,-1,-1,-1
198,8,798.27,151.77,130.37,374.48,1,-1,-1,-1
199,1,981.50,56.43,173.70,543.27,1,-1,-1,-1
199,2,648.86,122.71,139.50,421.13,1,-1,-1,-1
199,3,888.70,124.92,99.40,437.78,1,-1,-1,-1
199,4,1258.40,0.00,496.00,1080.00,1,-1,-1,-1
199,7,517.31,81.82,169.65,502.76,1,-1,-1,-1
199,8,797.24,150.74,130.84,376.16,1,-1,-1,-1
200,1,984.80,55.67,176.50,544.03,1,-1,-1,-1
200,2,648.14,121.29,139.50,423.57,1,-1,-1,-1
200,3,888.70,122.70,99.40,440.00,1,-1,-1,-1
200,4,1264.63,0.00,506.67,1080.00,1,-1,-1,-1
200,7,514.38,80.26,169.90,506.28,1,-1,-1,-1
200,8,796.22,149.72,131.30,377.83,1,-1,-1,-1
201,1,988.10,54.91,179.30,544.79,1,-1,-1,-1
201,2,647.43,119.87,139.50,426.00,1,-1,-1,-1
201,3,888.70,122.70,110.80,440.00,1,-1,-1,-1
201,4,1270.87,0.00,517.33,1080.00,1,-1,-1,-1
201,7,511.45,78.70,170.15,509.80,1,-1,-1,-1
201,8,795.19,148.69,131.77,379.51,1,-1,-1,-1
202,1,991.40,54.16,182.10,545.54,1,-1,-1,-1
202,2,646.72,118.44,139.50,428.44,1,-1,-1,-1
202,3,888.70,122.70,122.20,440.00,1,-1,-1,-1
202,4,1277.10,0.00,528.00,1080.00,1,-1,-1,-1
202,7,508.52,77.14,170.40,513.32,1,-1,-1,-1
202,8,794.16,147.66,132.24,381.19,1,-1,-1,-1
203,1,994.70,53.40,184.90,546.30,1,-1,-1,-1
203,2,646.01,117.02,139.50,430.87,1,-1,-1,-1
203,3,888.70,122.70,133.60,440.00,1,-1,-1,-1
203,4,1284.47,0.00,537.04,1080.00,1,-1,-1,-1
203,7,505.59,75.58,170.65,516.84,1,-1,-1,-1
203,8,793.13,146.63,132.71,382.87,1,-1,-1,-1
204,1,997.37,53.40,186.68,546.30,1,-1,-1,-1
204,2,645.30,115.60,139.50,433.30,1,-1,-1,-1
204,3,888.70,121.34,138.40,442.84,1,-1,-1,-1
204,4,1291.84,0.00,546.09,1080.00,1,-1,-1,-1
204,7,502.66,74.02,170.90,520.36,1,-1,-1,-1
204,8,792.10,145.60,133.18,384.55,1,-1,-1,-1
205,1,1000.03,53.40,188.47,546.30,1,-1,-1,-1
205,2,643.18,115.60,141.62,434.72,1,-1,-1,-1
205,3,888.70,119.98,143.20,445.68,1,-1,-1,-1
205,4,1299.21,0.00,555.13,1080.00,1,-1,-1,-1
205,7,499.73,72.46,171.15,523.88,1,-1,-1,-1
205,8,791.08,144.58,133.64,386.22,1,-1,-1,-1
206,1,1002.70,53.40,190.25,546.30,1,-1,-1,-1
206,2,641.06,115.60,143.74,436.14,1,-1,-1,-1
206,3,888.70,118.62,148.00,448.52,1,-1,-1,-1
206,4,1306.59,0.00,564.17,1080.00,1,-1,-1,-1
206,7,496.80,70.90,171.40,527.40,1,-1,-1,-1
206,8,790.05,143.55,134.11,387.90,1,-1,-1,-1
207,1,1005.37,53.40,192.03,546.30,1,-1,-1,-1
207,2,638.93,115.60,145.87,437.57,1,-1,-1,-1
207,3,888.70,117.26,152.80,451.36,1,-1,-1,-1
207,4,1313.96,0.00,573.21,1080.00,1,-1,-1,-1
207,7,494.36,69.37,173.42,529.97,1,-1,-1,-1
207,8,789.02,142.52,134.58,389.58,1,-1,-1,-1
208,1,1008.03,53.40,193.82,546.30,1,-1,-1,-1
208,2,636.81,115.60,147.99,438.99,1,-1,-1,-1
208,3,888.70,115.90,157.60,454.20,1,-1,-1,-1
208,4,1321.33,0.00,582.26,1080.00,1,-1,-1,-1
208,7,491.92,67.84,175.44,532.55,1,-1,-1,-1
208,8,789.19,141.42,134.66,391.62,1,-1,-1,-1
209,1,1010.70,53.40,195.60,546.30,1,-1,-1,-1
209,2,634.69,115.60,150.11,440.41,1,-1,-1,-1
209,3,888.70,115.04,160.68,456.28,1,-1,-1,-1
209,4,1328.70,0.00,591.30,1080.00,1,-1,-1,-1
209,7,489.49,66.31,177.45,535.12,1,-1,-1,-1
209,8,789.36,140.32,134.75,393.65,1,-1,-1,-1
210,1,1019.60,52.68,189.90,547.02,1,-1,-1,-1
210,2,632.57,115.60,152.23,441.83,1,-1,-1,-1
210,3,888.70,114.18,163.76,458.36,1,-1,-1,-1
210,4,1337.00,0.00,583.00,1080.00,1,-1,-1,-1
210,7,487.05,64.78,179.47,537.70,1,-1,-1,-1
210,8,789.53,139.21,134.83,395.70,1,-1,-1,-1
211,1,1028.50,51.96,184.20,547.74,1,-1,-1,-1
211,2,630.44,115.60,154.36,443.26,1,-1,-1,-1
211,3,888.70,113.32,166.84,460.44,1,-1,-1,-1
211,4,1345.30,0.00,574.70,1080.00,1,-1,-1,-1
211,7,484.61,63.24,181.50,540.28,1,-1,-1,-1
211,8,789.70,138.11,134.92,397.74,1,-1,-1,-1
212,1,1037.40,51.24,178.50,548.46,1,-1,-1,-1
212,2,628.32,115.60,156.48,444.68,1,-1,-1,-1
212,3,888.70,112.46,169.92,462.52,1,-1,-1,-1
212,4,1353.60,0.00,566.40,1080.00,1,-1,-1,-1
212,7,482.17,61.71,183.52,542.85,1,-1,-1,-1
212,8,789.87,137.01,135.00,399.77,1,-1,-1,-1
213,1,1046.30,50.52,172.80,549.18,1,-1,-1,-1
213,2,626.20,115.60,158.60,446.10,1,-1,-1,-1
213,3,888.70,111.60,173.00,464.60,1,-1,-1,-1
213,4,1361.90,0.00,558.10,1080.00,1,-1,-1,-1
213,7,479.74,60.18,185.53,545.43,1,-1,-1,-1
213,8,790.05,135.91,135.08,401.81,1,-1,-1,-1
214,1,1055.20,49.80,167.10,549.90,1,-1,-1,-1
214,2,626.20,112.78,158.60,448.92,1,-1,-1,-1
214,3,888.70,111.60,174.72,466.06,1,-1,-1,-1
214,4,1370.20,0.00,549.80,1080.00,1,-1,-1,-1
214,7,477.30,58.65,187.55,548.00,1,-1,-1,-1
214,8,790.22,134.81,135.16,403.84,1,-1,-1,-1
215,1,1060.54,49.80,166.74,550.62,1,-1,-1,-1
215,2,626.20,109.96,158.60,451.74,1,-1,-1,-1
215,3,888.70,111.60,176.44,467.52,1,-1,-1,-1
215,4,1378.50,0.00,541.50,1080.00,1,-1,-1,-1
215,7,474.86,57.12,189.57,550.57,1,-1,-1,-1
215,8,790.39,133.71,135.25,405.88,1,-1,-1,-1
216,1,1065.88,49.80,166.38,551.34,1,-1,-1,-1
216,2,626.20,107.15,158.60,454.55,1,-1,-1,-1
216,3,888.70,111.60,178.16,468.98,1,-1,-1,-1
216,4,1389.77,0.00,530.23,1080.00,1,-1,-1,-1
216,7,472.42,55.59,191.59,553.15,1,-1,-1,-1
216,8,790.56,132.60,135.33,407.93,1,-1,-1,-1
217,1,1071.22,49.80,166.02,552.06,1,-1,-1,-1
217,2,626.20,104.33,158.60,457.37,1,-1,-1,-1
217,3,888.70,111.60,179.88,470.44,1,-1,-1,-1
217,4,1401.03,0.00,518.97,1080.00,1,-1,-1,-1
217,6,1439.63,605.80,122.79,304.28,1,-1,-1,-1
217,7,469.99,54.06,193.60,555.72,1,-1,-1,-1
217,8,790.73,131.50,135.42,409.96,1,-1,-1,-1
218,1,1076.56,49.80,165.66,552.78,1,-1,-1,-1
218,2,626.20,101.51,158.60,460.19,1,-1,-1,-1
218,3,888.70,111.60,181.60,471.90,1,-1,-1,-1
218,4,1412.30,0.00,507.70,1080.00,1,-1,-1,-1
218,6,1450.32,605.80,123.64,310.49,1,-1,-1,-1
218,7,467.55,52.53,195.62,558.30,1,-1,-1,-1
218,8,790.90,130.40,135.50,412.00,1,-1,-1,-1
219,1,1081.90,49.80,165.30,553.50,1,-1,-1,-1
219,2,626.20,98.69,158.60,463.01,1,-1,-1,-1
219,3,888.70,105.60,182.50,477.90,1,-1,-1,-1
219,4,1423.57,0.00,496.43,1080.00,1,-1,-1,-1
219,6,1461.00,605.80,124.50,316.70,1,-1,-1,-1
219,7,465.11,50.99,197.65,560.88,1,-1,-1,-1
219,8,790.90,127.51,136.26,414.89,1,-1,-1,-1
220,1,1084.74,49.80,167.80,553.50,1,-1,-1,-1
220,2,626.20,95.87,158.60,465.83,1,-1,-1,-1
220,3,888.70,103.25,184.20,480.87,1,-1,-1,-1
220,4,1434.83,0.00,485.17,1080.00,1,-1,-1,-1
220,6,1469.90,589.42,131.98,344.11,1,-1,-1,-1
220,7,462.67,49.46,199.67,563.45,1,-1,-1,-1
220,8,790.90,124.62,137.03,417.78,1,-1,-1,-1
221,1,1087.58,49.80,170.30,553.50,1,-1,-1,-1
221,2,626.20,93.05,158.60,468.65,1,-1,-1,-1
221,3,888.70,100.90,185.90,483.85,1,-1,-1,-1
221,4,1446.10,0.00,473.90,1080.00,1,-1,-1,-1
221,6,1478.79,573.04,139.47,371.52,1,-1,-1,-1
221,7,460.24,47.93,201.68,566.03,1,-1,-1,-1
221,8,790.90,121.73,137.79,420.67,1,-1,-1,-1
222,1,1090.42,49.80,172.80,553.50,1,-1,-1,-1
222,2,626.20,90.24,158.60,471.46,1,-1,-1,-1
222,3,888.70,98.55,187.60,486.83,1,-1,-1,-1
222,4,1464.60,0.00,455.40,1080.00,1,-1,-1,-1
222,6,1487.69,556.66,146.95,398.94,1,-1,-1,-1
222,7,457.80,46.40,203.70,568.60,1,-1,-1,-1
222,8,790.90,118.84,138.55,423.56,1,-1,-1,-1
223,1,1093.26,49.80,175.30,553.50,1,-1,-1,-1
223,2,626.20,87.42,158.60,474.28,1,-1,-1,-1
223,3,888.70,96.20,189.30,489.80,1,-1,-1,-1
223,4,1483.10,0.00,436.90,1080.00,1,-1,-1,-1
223,6,1496.59,540.28,154.43,426.35,1,-1,-1,-1
223,7,455.31,42.41,206.19,573.09,1,-1,-1,-1
223,8,790.90,115.95,139.32,426.45,1,-1,-1,-1
224,1,1096.10,49.80,177.80,553.50,1,-1,-1,-1
224,2,626.20,84.60,158.60,477.10,1,-1,-1,-1
224,3,888.70,93.10,190.38,493.66,1,-1,-1,-1
224,4,1501.60,0.00,418.40,1080.00,1,-1,-1,-1
224,6,1505.49,523.90,161.91,453.76,1,-1,-1,-1
224,7,452.82,38.42,208.68,577.58,1,-1,-1,-1
224,8,790.90,113.05,140.08,429.35,1,-1,-1,-1
225,1,1098.60,47.66,179.22,555.64,1,-1,-1,-1
225,2,622.64,81.95,160.25,481.08,1,-1,-1,-1
225,3,888.70,90.00,191.45,497.53,1,-1,-1,-1
225,4,1520.10,0.00,399.90,1080.00,1,-1,-1,-1
225,6,1512.01,515.60,176.16,473.92,1,-1,-1,-1
225,7,450.33,34.43,211.17,582.07,1,-1,-1,-1
225,8,790.90,110.16,140.85,432.24,1,-1,-1,-1
226,1,1101.10,45.52,180.64,557.78,1,-1,-1,-1
226,2,619.07,79.31,161.91,485.04,1,-1,-1,-1
226,3,888.70,86.90,192.53,501.39,1,-1,-1,-1
226,4,1538.60,0.00,381.40,1080.00,1,-1,-1,-1
226,6,1518.53,507.30,190.40,494.09,1,-1,-1,-1
226,7,447.84,30.44,213.66,586.56,1,-1,-1,-1
226,8,790.90,107.27,141.61,435.13,1,-1,-1,-1
227,1,1103.60,43.38,182.06,559.92,1,-1,-1,-1
227,2,615.51,76.66,163.56,489.02,1,-1,-1,-1
227,3,888.70,83.80,193.60,505.25,1,-1,-1,-1
227,4,1563.52,0.00,356.48,1080.00,1,-1,-1,-1
227,6,1525.06,499.00,204.64,514.25,1,-1,-1,-1
227,7,445.35,26.45,216.15,591.05,1,-1,-1,-1
227,8,790.90,104.38,142.37,438.02,1,-1,-1,-1
228,1,1106.10,41.24,183.48,562.06,1,-1,-1,-1
228,2,611.95,74.02,165.21,492.99,1,-1,-1,-1
228,3,888.70,80.70,194.68,509.11,1,-1,-1,-1
228,4,1588.43,0.00,331.57,1080.00,1,-1,-1,-1
228,6,1531.58,490.70,218.89,534.41,1,-1,-1,-1
228,7,442.86,22.46,218.64,595.54,1,-1,-1,-1
228,8,790.90,101.49,143.14,440.91,1,-1,-1,-1
229,1,1108.60,39.10,184.90,564.20,1,-1,-1,-1
229,2,608.38,71.37,166.87,496.97,1,-1,-1,-1
229,3,888.70,77.60,195.75,512.98,1,-1,-1,-1
229,4,1613.35,0.00,306.65,1080.00,1,-1,-1,-1
229,6,1538.11,482.40,233.12,554.58,1,-1,-1,-1
229,7,440.37,18.47,221.13,600.03,1,-1,-1,-1
229,8,790.90,98.60,143.90,443.80,1,-1,-1,-1
230,1,1108.60,37.32,185.20,562.71,1,-1,-1,-1
230,2,604.82,68.73,168.53,500.93,1,-1,-1,-1
230,3,888.70,74.50,196.83,516.84,1,-1,-1,-1
230,4,1638.27,0.00,281.73,1080.00,1,-1,-1,-1
230,6,1544.63,474.10,247.37,574.74,1,-1,-1,-1
230,7,437.88,14.48,223.62,604.52,1,-1,-1,-1
230,8,788.26,96.31,146.54,446.94,1,-1,-1,-1
231,1,1108.60,35.53,185.50,561.24,1,-1,-1,-1
231,2,601.25,66.08,170.19,504.91,1,-1,-1,-1
231,3,888.70,71.40,197.90,520.70,1,-1,-1,-1
231,4,1663.18,0.00,256.82,1080.00,1,-1,-1,-1
231,6,1553.23,395.22,260.10,658.36,1,-1,-1,-1
231,7,435.39,10.49,226.11,609.01,1,-1,-1,-1
231,8,785.63,94.02,149.17,450.07,1,-1,-1,-1
232,1,1108.60,33.75,185.80,559.75,1,-1,-1,-1
232,2,597.69,63.44,171.84,508.88,1,-1,-1,-1
232,3,886.99,68.47,199.61,524.86,1,-1,-1,-1
232,4,1688.10,0.00,231.90,1080.00,1,-1,-1,-1
232,6,1561.82,316.33,272.85,742.00,1,-1,-1,-1
232,7,432.90,6.50,228.60,613.50,1,-1,-1,-1
232,8,782.99,91.73,151.81,453.21,1,-1,-1,-1
233,1,1108.60,31.97,186.10,558.26,1,-1,-1,-1
233,2,594.13,60.79,173.49,512.86,1,-1,-1,-1
233,3,885.27,65.54,201.33,529.02,1,-1,-1,-1
233,4,1721.56,0.00,198.44,1080.00,1,-1,-1,-1
233,6,1570.42,237.45,285.58,825.62,1,-1,-1,-1
233,7,428.66,5.91,231.33,615.45,1,-1,-1,-1
233,8,780.35,89.44,154.45,456.34,1,-1,-1,-1
234,1,1108.60,30.18,186.40,556.79,1,-1,-1,-1
234,2,590.56,58.15,175.15,516.82,1,-1,-1,-1
234,3,883.56,62.61,203.04,533.18,1,-1,-1,-1
234,4,1755.02,0.00,164.98,1080.00,1,-1,-1,-1
234,6,1579.01,158.57,298.32,909.24,1,-1,-1,-1
234,7,424.43,5.32,234.05,617.41,1,-1,-1,-1
234,8,777.72,87.15,157.08,459.48,1,-1,-1,-1
235,1,1108.60,28.40,186.70,555.30,1,-1,-1,-1
235,2,587.00,55.50,176.80,520.80,1,-1,-1,-1
235,3,881.84,59.69,204.76,537.32,1,-1,-1,-1
235,4,1788.48,0.00,131.52,1080.00,1,-1,-1,-1
235,6,1587.61,79.68,311.06,992.88,1,-1,-1,-1
235,7,420.19,4.73,236.78,619.36,1,-1,-1,-1
235,8,775.08,84.85,159.72,462.62,1,-1,-1,-1
236,1,1110.02,27.68,185.28,556.02,1,-1,-1,-1
236,2,584.10,52.27,177.71,524.86,1,-1,-1,-1
236,3,880.13,56.76,206.47,541.48,1,-1,-1,-1
236,4,1821.94,0.00,98.06,1080.00,1,-1,-1,-1
236,6,1596.20,0.80,323.80,1076.50,1,-1,-1,-1
236,7,415.95,4.14,239.51,621.31,1,-1,-1,-1
236,8,772.45,82.56,162.35,465.76,1,-1,-1,-1
237,1,1111.44,26.96,183.86,556.74,1,-1,-1,-1
237,2,581.20,49.05,178.62,528.90,1,-1,-1,-1
237,3,878.41,53.83,208.19,545.64,1,-1,-1,-1
237,4,1855.40,0.00,64.60,1080.00,1,-1,-1,-1
237,6,1606.87,0.80,313.13,1077.40,1,-1,-1,-1
237,7,411.72,3.55,242.23,623.27,1,-1,-1,-1
237,8,769.81,80.27,164.99,468.89,1,-1,-1,-1
238,1,1112.86,26.24,182.44,557.46,1,-1,-1,-1
238,2,578.30,45.82,179.53,532.96,1,-1,-1,-1
238,3,876.70,50.90,209.90,549.80,1,-1,-1,-1
238,6,1617.53,0.80,302.47,1078.30,1,-1,-1,-1
238,7,407.48,2.95,244.97,625.23,1,-1,-1,-1
238,8,767.17,77.98,167.63,472.03,1,-1,-1,-1
239,1,1114.28,25.52,181.02,558.18,1,-1,-1,-1
239,2,575.40,42.59,180.44,537.02,1,-1,-1,-1
239,3,876.22,47.57,210.95,554.90,1,-1,-1,-1
239,6,1628.20,0.80,291.80,1079.20,1,-1,-1,-1
239,7,403.25,2.36,247.69,627.19,1,-1,-1,-1
239,8,764.54,75.69,170.26,475.16,1,-1,-1,-1
239,10,1573.98,47.25,189.78,542.25,1,-1,-1,-1
240,1,1115.70,24.80,179.60,558.90,1,-1,-1,-1
240,2,572.50,39.36,181.35,541.08,1,-1,-1,-1
240,3,875.74,44.23,211.99,560.00,1,-1,-1,-1
240,6,1643.03,0.80,276.97,1079.20,1,-1,-1,-1
240,7,399.01,1.77,250.42,629.14,1,-1,-1,-1
240,8,761.90,73.40,172.90,478.30,1,-1,-1,-1
240,10,1576.51,43.86,199.96,545.64,1,-1,-1,-1
241,1,1117.84,24.80,179.60,560.32,1,-1,-1,-1
241,2,569.60,36.14,182.25,545.12,1,-1,-1,-1
241,3,875.27,40.90,213.03,565.10,1,-1,-1,-1
241,6,1657.87,0.80,262.13,1079.20,1,-1,-1,-1
241,7,394.77,1.18,253.15,631.09,1,-1,-1,-1
241,8,760.76,71.22,171.86,481.41,1,-1,-1,-1
241,10,1579.04,40.47,210.14,549.03,1,-1,-1,-1
242,1,1119.98,24.80,179.60,561.74,1,-1,-1,-1
242,2,566.70,32.91,183.16,549.18,1,-1,-1,-1
242,3,874.79,37.57,214.08,570.20,1,-1,-1,-1
242,6,1672.70,0.80,247.30,1079.20,1,-1,-1,-1
242,7,390.54,0.59,255.87,633.05,1,-1,-1,-1
242,8,759.61,69.04,170.83,484.53,1,-1,-1,-1
242,10,1581.57,37.09,220.32,552.41,1,-1,-1,-1
243,1,1122.12,24.80,179.60,563.16,1,-1,-1,-1
243,2,563.80,29.68,184.07,553.24,1,-1,-1,-1
243,3,874.31,34.23,215.12,575.30,1,-1,-1,-1
243,6,1687.83,193.87,232.17,886.13,1,-1,-1,-1
243,7,386.30,0.00,258.60,635.00,1,-1,-1,-1
243,8,758.47,66.87,169.80,487.63,1,-1,-1,-1
243,10,1584.10,33.70,230.50,555.80,1,-1,-1,-1
244,1,1124.26,24.80,179.60,564.58,1,-1,-1,-1
244,2,560.90,26.45,184.98,557.30,1,-1,-1,-1
244,3,873.83,30.90,216.17,580.40,1,-1,-1,-1
244,6,1702.95,386.95,217.05,693.05,1,-1,-1,-1
244,7,381.31,0.00,261.18,638.08,1,-1,-1,-1
244,8,757.32,64.69,168.77,490.74,1,-1,-1,-1
244,10,1587.50,30.88,236.70,563.14,1,-1,-1,-1
245,1,1126.40,24.80,179.60,566.00,1,-1,-1,-1
245,2,558.00,23.23,185.89,561.34,1,-1,-1,-1
245,3,873.36,27.57,217.21,585.50,1,-1,-1,-1
245,6,1718.08,580.02,201.92,499.98,1,-1,-1,-1
245,7,376.32,0.00,263.75,641.16,1,-1,-1,-1
245,8,756.18,62.51,167.73,493.86,1,-1,-1,-1
245,10,1590.90,28.07,242.90,570.46,1,-1,-1,-1
246,1,1128.77,23.60,180.20,567.20,1,-1,-1,-1
246,2,555.10,20.00,186.80,565.40,1,-1,-1,-1
246,3,872.88,24.23,218.25,590.60,1,-1,-1,-1
246,6,1733.20,773.10,186.80,306.90,1,-1,-1,-1
246,7,371.33,0.00,266.33,644.24,1,-1,-1,-1
246,8,755.03,60.33,166.70,496.97,1,-1,-1,-1
246,10,1594.30,25.25,249.10,577.80,1,-1,-1,-1
247,1,1131.13,22.40,180.80,568.40,1,-1,-1,-1
247,2,551.96,17.78,187.53,569.82,1,-1,-1,-1
247,3,872.40,20.90,219.30,595.70,1,-1,-1,-1
247,7,366.34,0.00,268.90,647.32,1,-1,-1,-1
247,8,753.89,58.16,165.67,500.07,1,-1,-1,-1
247,10,1597.70,22.43,255.30,585.14,1,-1,-1,-1
248,1,1133.50,21.20,181.40,569.60,1,-1,-1,-1
248,2,548.81,15.56,188.27,574.24,1,-1,-1,-1
248,3,871.18,18.29,220.67,601.07,1,-1,-1,-1
248,7,361.35,0.00,271.48,650.40,1,-1,-1,-1
248,8,752.74,55.98,164.64,503.19,1,-1,-1,-1
248,10,1601.10,19.62,261.50,592.46,1,-1,-1,-1
249,1,1135.87,20.00,182.00,570.80,1,-1,-1,-1
249,2,545.67,13.33,189.00,578.67,1,-1,-1,-1
249,3,869.95,15.68,222.05,606.45,1,-1,-1,-1
249,7,356.36,0.00,274.05,653.48,1,-1,-1,-1
249,8,751.60,53.80,163.60,506.30,1,-1,-1,-1
249,10,1604.50,16.80,267.70,599.80,1,-1,-1,-1
250,1,1138.23,18.80,182.60,572.00,1,-1,-1,-1
250,2,542.52,11.11,189.74,583.09,1,-1,-1,-1
250,3,868.73,13.06,223.42,611.83,1,-1,-1,-1
250,7,351.37,0.00,276.63,656.56,1,-1,-1,-1
250,8,749.31,51.10,164.65,510.46,1,-1,-1,-1
250,10,1606.19,14.70,271.99,604.44,1,-1,-1,-1
251,1,1140.60,17.60,183.20,573.20,1,-1,-1,-1
251,2,539.38,8.89,190.46,587.51,1,-1,-1,-1
251,3,867.50,10.45,224.80,617.20,1,-1,-1,-1
251,7,346.38,0.00,279.20,659.64,1,-1,-1,-1
251,8,747.02,48.40,165.69,514.61,1,-1,-1,-1
251,10,1607.88,12.60,276.27,609.08,1,-1,-1,-1
252,1,1142.74,16.88,184.98,572.86,1,-1,-1,-1
252,2,536.23,6.67,191.20,591.93,1,-1,-1,-1
252,3,866.28,7.84,226.17,622.57,1,-1,-1,-1
252,7,341.39,0.00,281.78,662.72,1,-1,-1,-1
252,8,744.73,45.70,166.74,518.77,1,-1,-1,-1
252,10,1609.56,10.50,280.57,613.71,1,-1,-1,-1
253,1,1144.88,16.16,186.76,572.52,1,-1,-1,-1
253,2,533.09,4.44,191.93,596.36,1,-1,-1,-1
253,3,865.05,5.23,227.55,627.95,1,-1,-1,-1
253,7,336.40,0.00,284.35,665.80,1,-1,-1,-1
253,8,742.44,43.00,167.78,522.92,1,-1,-1,-1
253,10,1611.25,8.40,284.85,618.35,1,-1,-1,-1
254,1,1147.02,15.44,188.54,572.18,1,-1,-1,-1
254,2,529.94,2.22,192.67,600.78,1,-1,-1,-1
254,3,863.83,2.61,228.92,633.33,1,-1,-1,-1
254,7,331.41,0.00,286.93,668.88,1,-1,-1,-1
254,8,740.16,40.30,168.82,527.08,1,-1,-1,-1
254,10,1612.94,6.30,289.14,622.99,1,-1,-1,-1
255,1,1149.16,14.72,190.32,571.84,1,-1,-1,-1
255,2,526.80,0.00,193.40,605.20,1,-1,-1,-1
255,3,862.60,0.00,230.30,638.70,1,-1,-1,-1
255,7,326.42,0.00,289.50,671.96,1,-1,-1,-1
255,8,737.87,37.60,169.86,531.23,1,-1,-1,-1
255,10,1614.62,4.20,293.43,627.63,1,-1,-1,-1
256,1,1151.30,14.00,192.10,571.50,1,-1,-1,-1
256,2,524.28,0.00,195.92,607.86,1,-1,-1,-1
256,3,862.60,0.00,231.97,642.49,1,-1,-1,-1
256,7,321.43,0.00,292.08,675.04,1,-1,-1,-1
256,8,735.58,34.90,170.91,535.39,1,-1,-1,-1
256,10,1616.31,2.10,297.72,632.26,1,-1,-1,-1
257,1,1141.82,14.00,202.76,572.68,1,-1,-1,-1
257,2,521.76,0.00,198.44,610.53,1,-1,-1,-1
257,3,862.60,0.00,233.65,646.28,1,-1,-1,-1
257,7,316.44,0.00,294.65,678.12,1,-1,-1,-1
257,8,733.29,32.20,171.95,539.54,1,-1,-1,-1
257,10,1618.00,0.00,302.00,636.90,1,-1,-1,-1
258,1,1132.33,14.00,213.44,573.87,1,-1,-1,-1
258,2,519.25,0.00,200.95,613.19,1,-1,-1,-1
258,3,862.60,0.00,235.32,650.07,1,-1,-1,-1
258,7,311.45,0.00,297.23,681.20,1,-1,-1,-1
258,8,731.00,29.50,173.00,543.70,1,-1,-1,-1
258,10,1601.54,0.00,318.46,639.31,1,-1,-1,-1
259,1,1122.85,14.00,224.10,575.05,1,-1,-1,-1
259,2,516.73,0.00,203.47,615.85,1,-1,-1,-1
259,3,862.60,0.00,236.99,653.86,1,-1,-1,-1
259,7,306.46,0.00,299.80,684.28,1,-1,-1,-1
259,8,729.36,26.11,173.35,548.14,1,-1,-1,-1
259,10,1585.09,0.00,334.91,641.73,1,-1,-1,-1
260,1,1113.37,14.00,234.76,576.23,1,-1,-1,-1
260,2,514.21,0.00,205.99,618.52,1,-1,-1,-1
260,3,862.60,0.00,238.66,657.65,1,-1,-1,-1
260,7,301.47,0.00,302.38,687.36,1,-1,-1,-1
260,8,727.73,22.73,173.70,552.57,1,-1,-1,-1
260,10,1568.63,0.00,351.37,644.14,1,-1,-1,-1
261,1,1103.88,14.00,245.44,577.42,1,-1,-1,-1
261,2,511.69,0.00,208.51,621.18,1,-1,-1,-1
261,3,862.60,0.00,240.34,661.45,1,-1,-1,-1
261,7,296.48,0.00,304.95,690.44,1,-1,-1,-1
261,8,726.09,19.34,174.05,557.01,1,-1,-1,-1
261,10,1552.17,0.00,367.83,646.56,1,-1,-1,-1
262,1,1094.40,14.00,256.10,578.60,1,-1,-1,-1
262,2,509.17,0.00,211.03,623.85,1,-1,-1,-1
262,3,862.60,0.00,242.01,665.24,1,-1,-1,-1
262,7,291.49,0.00,307.53,693.52,1,-1,-1,-1
262,8,724.45,15.95,174.40,561.45,1,-1,-1,-1
262,10,1535.71,0.00,384.29,648.97,1,-1,-1,-1
263,1,1095.46,11.20,251.84,579.62,1,-1,-1,-1
263,2,506.65,0.00,213.55,626.51,1,-1,-1,-1
263,3,862.60,0.00,243.68,669.03,1,-1,-1,-1
263,7,286.50,0.00,310.10,696.60,1,-1,-1,-1
263,8,722.81,12.56,174.75,565.89,1,-1,-1,-1
263,10,1519.26,0.00,400.74,651.39,1,-1,-1,-1
264,1,1096.52,8.40,247.58,580.64,1,-1,-1,-1
264,2,504.14,0.00,216.06,629.17,1,-1,-1,-1
264,3,862.60,0.00,245.35,672.82,1,-1,-1,-1
264,7,278.19,0.00,318.41,701.11,1,-1,-1,-1
264,8,721.18,9.18,175.10,570.32,1,-1,-1,-1
264,10,1502.80,0.00,417.20,653.80,1,-1,-1,-1
265,1,1097.58,5.60,243.32,581.66,1,-1,-1,-1
265,2,501.62,0.00,218.58,631.84,1,-1,-1,-1
265,3,862.60,0.00,247.03,676.61,1,-1,-1,-1
265,7,269.87,0.00,326.73,705.63,1,-1,-1,-1
265,8,719.54,5.79,175.45,574.76,1,-1,-1,-1
265,10,1508.31,0.00,411.69,658.04,1,-1,-1,-1
266,1,1098.64,2.80,239.06,582.68,1,-1,-1,-1
266,2,499.10,0.00,221.10,634.50,1,-1,-1,-1
266,3,862.60,0.00,248.70,680.40,1,-1,-1,-1
266,7,261.56,0.00,335.04,710.14,1,-1,-1,-1
266,8,717.90,2.40,175.80,579.20,1,-1,-1,-1
266,10,1513.83,0.00,406.17,662.28,1,-1,-1,-1
267,1,1099.70,0.00,234.80,583.70,1,-1,-1,-1
267,2,491.32,0.00,225.75,638.52,1,-1,-1,-1
267,3,860.15,0.00,251.15,680.40,1,-1,-1,-1
267,7,253.24,0.00,343.36,714.66,1,-1,-1,-1
267,8,717.90,2.00,176.57,582.63,1,-1,-1,-1
267,10,1519.34,0.00,400.66,666.51,1,-1,-1,-1
268,1,1096.86,0.00,230.88,583.70,1,-1,-1,-1
268,2,483.55,0.00,230.39,642.53,1,-1,-1,-1
268,3,857.70,0.00,253.60,680.40,1,-1,-1,-1
268,7,244.93,0.00,351.67,719.17,1,-1,-1,-1
268,8,717.90,1.60,177.33,586.07,1,-1,-1,-1
268,10,1524.85,0.00,395.15,670.75,1,-1,-1,-1
269,1,1094.02,0.00,226.96,583.70,1,-1,-1,-1
269,2,475.77,0.00,235.04,646.55,1,-1,-1,-1
269,3,855.25,0.00,256.05,680.40,1,-1,-1,-1
269,7,236.61,0.00,359.99,723.69,1,-1,-1,-1
269,8,717.90,1.20,178.10,589.50,1,-1,-1,-1
269,10,1530.36,0.00,389.64,674.99,1,-1,-1,-1
270,1,1091.18,0.00,223.04,583.70,1,-1,-1,-1
270,2,467.99,0.00,239.69,650.56,1,-1,-1,-1
270,3,852.80,0.00,258.50,680.40,1,-1,-1,-1
270,7,228.30,0.00,368.30,728.20,1,-1,-1,-1
270,8,717.90,0.80,178.87,592.93,1,-1,-1,-1
270,10,1535.88,0.00,384.12,679.23,1,-1,-1,-1
271,1,1088.34,0.00,219.12,583.70,1,-1,-1,-1
271,2,460.22,0.00,244.33,654.58,1,-1,-1,-1
271,3,852.80,0.00,260.34,684.53,1,-1,-1,-1
271,7,215.66,0.00,371.79,734.95,1,-1,-1,-1
271,8,717.90,0.40,179.63,596.37,1,-1,-1,-1
271,10,1541.39,0.00,378.61,683.46,1,-1,-1,-1
272,1,1085.50,0.00,215.20,583.70,1,-1,-1,-1
272,2,452.44,0.00,248.98,658.59,1,-1,-1,-1
272,3,852.80,0.00,262.18,688.66,1,-1,-1,-1
272,7,203.03,0.00,375.28,741.71,1,-1,-1,-1
272,8,717.90,0.00,180.40,599.80,1,-1,-1,-1
272,10,1546.90,0.00,373.10,687.70,1,-1,-1,-1
273,1,1079.87,0.00,209.26,585.48,1,-1,-1,-1
273,2,444.66,0.00,253.62,662.61,1,-1,-1,-1
273,3,852.80,0.00,264.02,692.79,1,-1,-1,-1
273,7,190.39,0.00,378.77,748.46,1,-1,-1,-1
273,8,716.99,0.00,180.40,602.84,1,-1,-1,-1
273,10,1546.90,0.00,373.10,693.21,1,-1,-1,-1
274,1,1074.23,0.00,203.34,587.27,1,-1,-1,-1
274,2,436.88,0.00,258.27,666.62,1,-1,-1,-1
274,3,852.80,0.00,265.86,696.92,1,-1,-1,-1
274,7,177.75,0.00,382.27,755.22,1,-1,-1,-1
274,8,716.08,0.00,180.40,605.88,1,-1,-1,-1
274,10,1546.90,0.00,373.10,698.73,1,-1,-1,-1
275,1,1068.60,0.00,197.40,589.05,1,-1,-1,-1
275,2,429.11,0.00,262.91,670.64,1,-1,-1,-1
275,3,852.80,0.00,267.70,701.05,1,-1,-1,-1
275,7,165.12,0.00,385.75,761.97,1,-1,-1,-1
275,8,715.17,0.00,180.40,608.92,1,-1,-1,-1
275,10,1546.90,0.00,373.10,704.24,1,-1,-1,-1
276,1,1062.97,0.00,191.46,590.83,1,-1,-1,-1
276,2,421.33,0.00,267.56,674.65,1,-1,-1,-1
276,3,852.80,0.00,269.54,705.18,1,-1,-1,-1
276,7,152.48,0.00,389.25,768.73,1,-1,-1,-1
276,8,714.25,0.00,180.41,611.96,1,-1,-1,-1
276,10,1546.90,0.00,373.10,709.75,1,-1,-1,-1
277,1,1057.33,0.00,185.54,592.62,1,-1,-1,-1
277,2,413.55,0.00,272.21,678.67,1,-1,-1,-1
277,3,852.80,0.00,271.38,709.31,1,-1,-1,-1
277,7,139.85,0.00,392.73,775.48,1,-1,-1,-1
277,8,713.34,0.00,180.41,615.00,1,-1,-1,-1
277,10,1546.90,0.00,373.10,715.26,1,-1,-1,-1
278,1,1051.70,0.00,179.60,594.40,1,-1,-1,-1
278,2,405.78,0.00,276.85,682.68,1,-1,-1,-1
278,3,852.80,0.00,273.22,713.44,1,-1,-1,-1
278,7,127.21,0.00,396.23,782.24,1,-1,-1,-1
278,8,712.43,0.00,180.41,618.04,1,-1,-1,-1
278,10,1546.90,0.00,373.10,720.78,1,-1,-1,-1
279,1,1044.00,0.00,179.00,598.57,1,-1,-1,-1
279,2,398.00,0.00,281.50,686.70,1,-1,-1,-1
279,3,852.80,0.00,275.06,717.57,1,-1,-1,-1
279,7,114.57,0.00,399.72,788.99,1,-1,-1,-1
279,8,711.52,0.00,180.41,621.08,1,-1,-1,-1
279,10,1546.90,0.00,373.10,726.29,1,-1,-1,-1
280,1,1036.30,0.00,178.40,602.73,1,-1,-1,-1
280,2,389.86,0.00,288.01,691.41,1,-1,-1,-1
280,3,852.80,0.00,276.90,721.70,1,-1,-1,-1
280,7,101.94,0.00,403.21,795.75,1,-1,-1,-1
280,8,710.61,0.00,180.41,624.12,1,-1,-1,-1
280,10,1546.90,0.00,373.10,731.80,1,-1,-1,-1
281,1,1028.60,0.00,177.80,606.90,1,-1,-1,-1
281,2,381.71,0.00,294.52,696.12,1,-1,-1,-1
281,3,852.80,0.00,277.88,721.21,1,-1,-1,-1
281,7,89.30,0.00,406.70,802.50,1,-1,-1,-1
281,8,709.70,0.00,180.41,627.16,1,-1,-1,-1
281,10,1538.76,0.00,381.24,731.80,1,-1,-1,-1
282,1,1035.36,0.00,170.32,606.90,1,-1,-1,-1
282,2,373.57,0.00,301.03,700.83,1,-1,-1,-1
282,3,852.80,0.00,278.86,720.72,1,-1,-1,-1
282,7,77.32,0.00,413.48,809.28,1,-1,-1,-1
282,8,708.78,0.00,180.42,630.20,1,-1,-1,-1
282,10,1530.62,0.00,389.38,731.80,1,-1,-1,-1
283,1,1042.12,0.00,162.84,606.90,1,-1,-1,-1
283,2,365.42,0.00,307.55,705.54,1,-1,-1,-1
283,3,852.80,0.00,279.85,720.23,1,-1,-1,-1
283,7,65.33,0.00,420.27,816.07,1,-1,-1,-1
283,8,708.78,0.00,182.09,634.45,1,-1,-1,-1
283,10,1522.48,0.00,397.52,731.80,1,-1,-1,-1
284,1,1048.88,0.00,155.36,606.90,1,-1,-1,-1
284,2,357.28,0.00,314.05,710.26,1,-1,-1,-1
284,3,852.80,0.00,280.83,719.74,1,-1,-1,-1
284,7,53.35,0.00,427.05,822.85,1,-1,-1,-1
284,8,708.78,0.00,183.76,638.70,1,-1,-1,-1
284,10,1514.34,0.00,405.66,731.80,1,-1,-1,-1
285,1,1055.64,0.00,147.88,606.90,1,-1,-1,-1
285,2,349.13,0.00,320.57,714.97,1,-1,-1,-1
285,3,852.80,0.00,281.81,719.25,1,-1,-1,-1
285,7,41.37,0.00,433.83,829.63,1,-1,-1,-1
285,8,708.78,0.00,185.43,642.95,1,-1,-1,-1
285,10,1506.20,0.00,413.80,731.80,1,-1,-1,-1
286,1,1062.40,0.00,140.40,606.90,1,-1,-1,-1
286,2,340.99,0.00,327.08,719.68,1,-1,-1,-1
286,3,852.80,0.00,282.79,718.75,1,-1,-1,-1
286,7,29.38,0.00,440.62,836.42,1,-1,-1,-1
286,8,708.78,0.00,187.10,647.20,1,-1,-1,-1
286,10,1499.42,0.00,420.58,731.80,1,-1,-1,-1
287,1,1062.40,0.00,131.50,606.90,1,-1,-1,-1
287,2,332.84,0.00,333.59,724.39,1,-1,-1,-1
287,3,852.80,0.00,283.77,718.26,1,-1,-1,-1
287,7,17.40,0.00,447.40,843.20,1,-1,-1,-1
287,8,708.78,0.00,188.77,651.45,1,-1,-1,-1
287,10,1492.64,0.00,427.36,731.80,1,-1,-1,-1
288,1,1062.40,0.00,122.60,606.90,1,-1,-1,-1
288,2,324.70,0.00,340.10,729.10,1,-1,-1,-1
288,3,852.80,0.00,284.75,717.77,1,-1,-1,-1
288,7,14.50,0.00,444.32,853.98,1,-1,-1,-1
288,8,708.78,0.00,190.44,655.70,1,-1,-1,-1
288,10,1485.86,0.00,434.14,731.80,1,-1,-1,-1
289,1,1062.40,0.00,113.70,606.90,1,-1,-1,-1
289,2,317.46,0.00,345.53,735.98,1,-1,-1,-1
289,3,852.80,0.00,285.74,717.28,1,-1,-1,-1
289,7,11.60,0.00,441.23,864.77,1,-1,-1,-1
289,8,708.78,0.00,192.11,659.95,1,-1,-1,-1
289,10,1479.08,0.00,440.92,731.80,1,-1,-1,-1
290,1,1062.40,0.00,104.80,606.90,1,-1,-1,-1
290,2,310.21,0.00,350.97,742.86,1,-1,-1,-1
290,3,852.80,0.00,286.72,716.79,1,-1,-1,-1
290,7,8.70,0.00,438.15,875.55,1,-1,-1,-1
290,8,708.78,0.00,193.78,664.20,1,-1,-1,-1
290,10,1472.30,0.00,447.70,731.80,1,-1,-1,-1
291,1,1066.57,0.00,95.30,606.90,1,-1,-1,-1
291,2,302.97,0.00,356.40,749.73,1,-1,-1,-1
291,3,852.80,0.00,287.70,716.30,1,-1,-1,-1
291,7,5.80,0.00,435.07,886.33,1,-1,-1,-1
291,8,708.78,0.00,195.45,668.45,1,-1,-1,-1
291,10,1479.08,0.00,433.46,738.58,1,-1,-1,-1
292,1,1070.73,0.00,85.80,606.90,1,-1,-1,-1
292,2,295.72,0.00,361.84,756.61,1,-1,-1,-1
292,3,855.20,0.00,292.88,722.69,1,-1,-1,-1
292,7,2.90,0.00,431.98,897.12,1,-1,-1,-1
292,8,708.78,0.00,197.12,672.70,1,-1,-1,-1
292,10,1485.86,0.00,419.22,745.36,1,-1,-1,-1
293,1,1074.90,0.00,76.30,606.90,1,-1,-1,-1
293,2,288.48,0.00,367.26,763.49,1,-1,-1,-1
293,3,857.60,0.00,298.06,729.08,1,-1,-1,-1
293,7,0.00,0.00,428.90,907.90,1,-1,-1,-1
293,8,706.19,0.00,199.71,676.39,1,-1,-1,-1
293,10,1492.64,0.00,404.98,752.14,1,-1,-1,-1
294,1,1074.90,0.00,71.85,606.90,1,-1,-1,-1
294,2,281.23,0.00,372.70,770.37,1,-1,-1,-1
294,3,860.00,0.00,303.23,735.47,1,-1,-1,-1
294,7,0.00,0.00,419.04,920.68,1,-1,-1,-1
294,8,703.59,0.00,202.31,680.07,1,-1,-1,-1
294,10,1499.42,0.00,390.74,758.92,1,-1,-1,-1
295,1,1074.90,0.00,67.40,606.90,1,-1,-1,-1
295,2,273.99,0.00,378.13,777.24,1,-1,-1,-1
295,3,862.40,0.00,308.41,741.86,1,-1,-1,-1
295,7,0.00,0.00,409.19,933.46,1,-1,-1,-1
295,8,700.99,0.00,204.91,683.76,1,-1,-1,-1
295,10,1506.20,0.00,376.50,765.70,1,-1,-1,-1
296,1,1074.90,215.30,67.40,391.60,1,-1,-1,-1
296,2,266.74,0.00,383.57,784.12,1,-1,-1,-1
296,3,864.80,0.00,313.59,748.24,1,-1,-1,-1
296,7,0.00,0.00,399.33,946.23,1,-1,-1,-1
296,8,698.39,0.00,207.51,687.44,1,-1,-1,-1
296,10,1504.50,0.00,373.68,773.60,1,-1,-1,-1
297,1,1074.90,215.30,71.85,394.25,1,-1,-1,-1
297,2,259.50,0.00,389.00,791.00,1,-1,-1,-1
297,3,867.20,0.00,318.77,754.63,1,-1,-1,-1
297,7,0.00,0.00,389.48,959.01,1,-1,-1,-1
297,8,695.80,0.00,210.10,691.13,1,-1,-1,-1
297,10,1502.80,0.00,370.87,781.50,1,-1,-1,-1
298,1,1074.90,215.30,76.30,396.90,1,-1,-1,-1
298,2,252.17,0.00,396.33,796.70,1,-1,-1,-1
298,3,869.60,0.00,323.94,761.02,1,-1,-1,-1
298,7,0.00,0.00,379.62,971.79,1,-1,-1,-1
298,8,693.20,0.00,212.70,694.81,1,-1,-1,-1
298,10,1501.10,0.00,368.05,789.40,1,-1,-1,-1
299,1,1074.90,302.50,76.30,309.70,1,-1,-1,-1
299,2,244.83,0.00,403.67,802.40,1,-1,-1,-1
299,3,872.00,0.00,329.12,767.41,1,-1,-1,-1
299,7,0.00,0.00,369.77,984.57,1,-1,-1,-1
299,8,690.60,0.00,215.30,698.50,1,-1,-1,-1
299,10,1499.40,0.00,365.23,797.30,1,-1,-1,-1
300,1,1074.90,389.70,76.30,222.50,1,-1,-1,-1
300,2,237.50,0.00,411.00,808.10,1,-1,-1,-1
300,3,874.40,0.00,334.30,773.80,1,-1,-1,-1
300,7,0.00,0.00,359.91,997.34,1,-1,-1,-1
300,8,690.60,0.00,217.90,702.63,1,-1,-1,-1
300,10,1497.70,0.00,362.42,805.20,1,-1,-1,-1
301,1,1074.90,476.90,76.30,135.30,1,-1,-1,-1
301,2,230.17,0.00,418.33,813.80,1,-1,-1,-1
301,3,879.27,0.00,334.82,779.19,1,-1,-1,-1
301,7,0.00,0.00,350.06,1010.12,1,-1,-1,-1
301,8,690.60,0.00,220.50,706.76,1,-1,-1,-1
301,10,1496.00,0.00,359.60,813.10,1,-1,-1,-1
302,1,994.85,369.25,156.35,242.95,1,-1,-1,-1
302,2,222.83,0.00,425.67,819.50,1,-1,-1,-1
302,3,884.14,0.00,335.34,784.57,1,-1,-1,-1
302,7,0.00,0.00,340.20,1022.90,1,-1,-1,-1
302,8,690.60,0.00,223.10,710.89,1,-1,-1,-1
302,10,1486.32,0.00,364.44,815.04,1,-1,-1,-1
303,1,914.80,261.60,236.40,350.60,1,-1,-1,-1
303,2,215.50,0.00,433.00,825.20,1,-1,-1,-1
303,3,889.01,0.00,335.85,789.96,1,-1,-1,-1
303,7,0.00,0.00,335.00,1032.42,1,-1,-1,-1
303,8,690.60,0.00,225.70,715.01,1,-1,-1,-1
303,10,1476.63,0.00,369.28,816.99,1,-1,-1,-1
304,1,914.80,130.80,238.10,481.40,1,-1,-1,-1
304,2,210.07,0.00,438.43,830.23,1,-1,-1,-1
304,3,893.89,0.00,336.36,795.34,1,-1,-1,-1
304,7,0.00,0.00,329.80,1041.93,1,-1,-1,-1
304,8,690.60,0.00,228.30,719.14,1,-1,-1,-1
304,10,1466.95,0.00,374.12,818.93,1,-1,-1,-1
305,1,914.80,0.00,101.10,612.20,1,-1,-1,-1
305,2,204.63,0.00,443.87,835.27,1,-1,-1,-1
305,3,898.76,0.00,336.88,800.73,1,-1,-1,-1
305,7,0.00,0.00,324.60,1051.45,1,-1,-1,-1
305,8,690.60,0.00,230.90,723.27,1,-1,-1,-1
305,10,1457.27,0.00,378.96,820.87,1,-1,-1,-1
306,1,905.00,0.90,111.90,612.20,1,-1,-1,-1
306,2,199.20,0.00,449.30,840.30,1,-1,-1,-1
306,3,903.63,0.00,337.40,806.11,1,-1,-1,-1
306,7,0.00,0.00,319.40,1060.97,1,-1,-1,-1
306,8,690.60,0.00,233.50,727.40,1,-1,-1,-1
306,10,1447.59,0.00,383.80,822.81,1,-1,-1,-1
307,1,895.20,0.00,115.50,614.00,1,-1,-1,-1
307,2,193.77,0.00,454.73,845.33,1,-1,-1,-1
307,3,908.50,0.00,337.92,811.50,1,-1,-1,-1
307,7,0.00,0.00,314.20,1070.48,1,-1,-1,-1
307,8,690.60,0.00,235.24,731.53,1,-1,-1,-1
307,10,1437.90,0.00,388.64,824.76,1,-1,-1,-1
308,1,893.02,0.00,119.46,616.77,1,-1,-1,-1
308,2,188.33,0.00,460.17,850.37,1,-1,-1,-1
308,3,912.49,0.00,344.84,820.29,1,-1,-1,-1
308,7,0.00,0.00,309.00,1080.00,1,-1,-1,-1
308,8,690.60,0.00,236.99,735.66,1,-1,-1,-1
308,10,1428.22,0.00,393.48,826.70,1,-1,-1,-1
309,1,890.84,0.00,123.42,619.53,1,-1,-1,-1
309,2,182.90,0.00,465.60,855.40,1,-1,-1,-1
309,3,916.47,0.00,351.77,829.07,1,-1,-1,-1
309,7,0.00,0.00,304.51,1080.00,1,-1,-1,-1
309,8,690.60,0.00,238.73,739.79,1,-1,-1,-1
309,10,1428.22,0.00,384.07,818.41,1,-1,-1,-1
310,1,888.67,0.00,127.36,622.30,1,-1,-1,-1
310,2,177.47,0.00,471.03,860.43,1,-1,-1,-1
310,3,920.46,0.00,358.69,837.86,1,-1,-1,-1
310,7,0.00,0.00,300.03,1080.00,1,-1,-1,-1
310,8,690.60,0.00,240.47,743.91,1,-1,-1,-1
310,10,1428.22,0.00,374.66,810.12,1,-1,-1,-1
311,1,886.49,0.00,131.32,625.07,1,-1,-1,-1
311,2,172.03,0.00,476.47,865.47,1,-1,-1,-1
311,3,924.44,0.00,365.62,846.64,1,-1,-1,-1
311,7,0.00,0.00,295.54,1080.00,1,-1,-1,-1
311,8,690.60,0.00,242.21,748.04,1,-1,-1,-1
311,10,1428.22,0.00,365.25,801.83,1,-1,-1,-1
312,1,884.31,0.00,135.28,627.83,1,-1,-1,-1
312,2,166.60,0.00,481.90,870.50,1,-1,-1,-1
312,3,928.43,0.00,372.55,855.43,1,-1,-1,-1
312,7,0.00,0.00,291.05,1080.00,1,-1,-1,-1
312,8,690.60,0.00,243.96,752.17,1,-1,-1,-1
312,10,1428.22,0.00,355.84,793.54,1,-1,-1,-1
313,1,882.13,0.00,139.24,630.60,1,-1,-1,-1
313,2,160.00,0.00,488.50,876.76,1,-1,-1,-1
313,3,932.41,0.00,379.48,864.21,1,-1,-1,-1
313,7,0.00,0.00,286.56,1080.00,1,-1,-1,-1
313,8,690.60,0.00,245.70,756.30,1,-1,-1,-1
313,10,1428.22,0.00,346.42,785.26,1,-1,-1,-1
314,1,879.96,0.00,143.18,633.37,1,-1,-1,-1
314,2,153.40,0.00,495.10,883.02,1,-1,-1,-1
314,3,936.40,0.00,386.40,873.00,1,-1,-1,-1
314,7,0.00,0.00,282.08,1080.00,1,-1,-1,-1
314,8,689.76,0.00,247.55,760.86,1,-1,-1,-1
314,10,1428.22,0.00,337.01,776.97,1,-1,-1,-1
315,1,877.78,0.00,147.14,636.13,1,-1,-1,-1
315,2,146.80,0.00,501.70,889.28,1,-1,-1,-1
315,3,939.45,0.00,395.20,883.16,1,-1,-1,-1
315,7,0.00,0.00,277.59,1080.00,1,-1,-1,-1
315,8,688.91,0.00,249.41,765.41,1,-1,-1,-1
315,10,1428.22,0.00,327.60,768.68,1,-1,-1,-1
316,1,875.60,0.00,151.10,638.90,1,-1,-1,-1
316,2,140.20,0.00,508.30,895.54,1,-1,-1,-1
316,3,942.49,0.00,404.02,893.33,1,-1,-1,-1
316,7,0.00,0.00,273.10,1080.00,1,-1,-1,-1
316,8,688.07,0.00,251.26,769.97,1,-1,-1,-1
316,10,1428.22,0.00,318.19,760.39,1,-1,-1,-1
317,1,861.40,0.00,172.40,642.50,1,-1,-1,-1
317,2,133.60,0.00,514.90,901.80,1,-1,-1,-1
317,3,945.54,0.00,412.82,903.49,1,-1,-1,-1
317,7,0.00,43.14,269.68,1036.86,1,-1,-1,-1
317,8,687.22,0.00,253.12,774.52,1,-1,-1,-1
317,10,1428.22,0.00,308.78,752.10,1,-1,-1,-1
318,1,857.80,0.00,174.30,644.20,1,-1,-1,-1
318,2,127.00,0.00,521.50,908.06,1,-1,-1,-1
318,3,948.58,0.00,421.64,913.65,1,-1,-1,-1
318,7,0.00,86.27,266.26,993.73,1,-1,-1,-1
318,8,686.38,0.00,254.98,779.08,1,-1,-1,-1
318,10,1401.96,0.00,315.57,751.25,1,-1,-1,-1
319,1,847.10,0.00,185.00,646.00,1,-1,-1,-1
319,2,120.40,0.00,528.10,914.32,1,-1,-1,-1
319,3,951.63,0.00,430.44,923.82,1,-1,-1,-1
319,7,0.00,129.41,262.84,950.59,1,-1,-1,-1
319,8,685.53,0.00,256.84,783.63,1,-1,-1,-1
319,10,1375.69,0.00,322.36,750.40,1,-1,-1,-1
320,1,843.55,0.00,188.55,646.90,1,-1,-1,-1
320,2,113.80,0.00,534.70,920.58,1,-1,-1,-1
320,3,954.67,0.00,439.26,933.98,1,-1,-1,-1
320,7,0.00,172.54,259.41,907.46,1,-1,-1,-1
320,8,684.69,0.00,258.69,788.19,1,-1,-1,-1
320,10,1349.43,0.00,329.15,749.55,1,-1,-1,-1
321,1,840.00,0.00,192.10,647.80,1,-1,-1,-1
321,2,107.20,0.00,541.30,926.84,1,-1,-1,-1
321,3,957.72,0.00,448.06,944.15,1,-1,-1,-1
321,7,0.00,215.68,255.99,864.32,1,-1,-1,-1
321,8,683.84,0.00,260.55,792.74,1,-1,-1,-1
321,10,1323.16,0.00,335.94,748.70,1,-1,-1,-1
322,1,836.45,0.00,195.65,648.70,1,-1,-1,-1
322,2,100.60,0.00,547.90,933.10,1,-1,-1,-1
322,3,960.76,0.00,456.88,954.31,1,-1,-1,-1
322,7,0.00,258.81,252.57,821.19,1,-1,-1,-1
322,8,683.00,0.00,262.40,797.30,1,-1,-1,-1
322,10,1315.55,0.00,343.55,748.70,1,-1,-1,-1
323,1,832.90,0.00,199.20,649.60,1,-1,-1,-1
323,2,97.21,0.00,551.29,938.58,1,-1,-1,-1
323,3,963.81,0.00,465.68,964.47,1,-1,-1,-1
323,7,0.00,301.95,249.15,778.05,1,-1,-1,-1
323,8,683.00,0.00,266.95,800.20,1,-1,-1,-1
323,10,1307.93,0.00,351.17,748.70,1,-1,-1,-1
324,1,832.90,0.00,193.27,649.60,1,-1,-1,-1
324,2,93.82,0.00,554.68,944.06,1,-1,-1,-1
324,3,966.85,0.00,474.50,974.64,1,-1,-1,-1
324,7,0.00,345.09,245.73,734.91,1,-1,-1,-1
324,8,683.00,0.00,271.51,803.10,1,-1,-1,-1
324,10,1300.32,0.00,358.78,748.70,1,-1,-1,-1
325,1,832.90,0.00,187.33,649.60,1,-1,-1,-1
325,2,90.43,0.00,558.07,949.55,1,-1,-1,-1
325,3,969.90,0.00,483.30,984.80,1,-1,-1,-1
325,7,0.00,388.22,242.31,691.78,1,-1,-1,-1
325,8,683.00,0.00,276.06,806.00,1,-1,-1,-1
325,10,1292.70,0.00,366.40,748.70,1,-1,-1,-1
326,1,832.90,0.00,181.40,649.60,1,-1,-1,-1
326,2,87.04,0.00,561.46,955.03,1,-1,-1,-1
326,3,975.65,0.00,492.70,992.12,1,-1,-1,-1
326,7,0.00,431.36,238.89,648.64,1,-1,-1,-1
326,8,683.00,0.00,280.62,808.90,1,-1,-1,-1
326,10,1292.70,0.00,350.82,740.56,1,-1,-1,-1
327,1,832.90,275.85,165.40,373.75,1,-1,-1,-1
327,2,83.65,0.00,564.85,960.51,1,-1,-1,-1
327,3,981.41,0.00,502.10,999.45,1,-1,-1,-1
327,7,0.00,474.49,235.46,605.51,1,-1,-1,-1
327,8,683.00,0.00,285.17,811.80,1,-1,-1,-1
327,10,1292.70,0.00,335.24,732.42,1,-1,-1,-1
328,1,832.90,551.70,149.40,97.90,1,-1,-1,-1
328,2,80.25,0.00,568.25,965.99,1,-1,-1,-1
328,3,987.16,0.00,511.50,1006.77,1,-1,-1,-1
328,7,0.00,517.63,232.04,562.37,1,-1,-1,-1
328,8,683.00,0.00,289.73,814.70,1,-1,-1,-1
328,10,1292.70,0.00,319.66,724.28,1,-1,-1,-1
329,1,810.77,472.89,156.79,179.25,1,-1,-1,-1
329,2,76.86,0.00,571.64,971.47,1,-1,-1,-1
329,3,992.92,0.00,520.90,1014.09,1,-1,-1,-1
329,7,0.00,560.76,228.62,519.24,1,-1,-1,-1
329,8,683.00,0.00,294.28,817.60,1,-1,-1,-1
329,10,1292.70,0.00,304.08,716.14,1,-1,-1,-1
330,1,788.64,394.07,164.17,260.62,1,-1,-1,-1
330,2,73.47,0.00,575.03,976.95,1,-1,-1,-1
330,3,998.67,0.00,530.30,1021.42,1,-1,-1,-1
330,7,0.00,603.90,225.20,476.10,1,-1,-1,-1
330,8,683.00,0.00,298.84,820.50,1,-1,-1,-1
330,10,1292.70,0.00,288.50,708.00,1,-1,-1,-1
331,1,766.51,315.26,171.56,341.97,1,-1,-1,-1
331,2,70.08,0.00,578.42,982.44,1,-1,-1,-1
331,3,1004.42,0.00,539.70,1028.74,1,-1,-1,-1
331,7,0.00,646.77,224.93,433.23,1,-1,-1,-1
331,8,683.00,0.00,303.39,823.40,1,-1,-1,-1
331,10,1309.60,0.00,271.60,680.90,1,-1,-1,-1
332,1,744.39,236.44,178.94,423.33,1,-1,-1,-1
332,2,66.69,0.00,581.81,987.92,1,-1,-1,-1
332,3,1010.18,0.00,549.10,1036.06,1,-1,-1,-1
332,7,0.00,689.63,224.67,390.37,1,-1,-1,-1
332,8,683.00,0.00,307.95,826.30,1,-1,-1,-1
332,10,1341.23,38.40,234.34,639.10,1,-1,-1,-1
333,1,722.26,157.63,186.33,504.68,1,-1,-1,-1
333,2,63.30,0.00,585.20,993.40,1,-1,-1,-1
333,3,1015.93,0.00,558.50,1043.38,1,-1,-1,-1
333,7,0.00,732.50,224.40,347.50,1,-1,-1,-1
333,8,683.00,0.00,312.50,829.20,1,-1,-1,-1
333,10,1372.87,76.80,197.06,597.30,1,-1,-1,-1
334,1,700.13,78.81,193.71,586.05,1,-1,-1,-1
334,2,61.56,0.00,588.39,996.59,1,-1,-1,-1
334,3,1021.68,0.00,567.90,1050.71,1,-1,-1,-1
334,7,0.00,775.37,224.13,304.63,1,-1,-1,-1
334,8,685.28,0.00,316.60,831.93,1,-1,-1,-1
334,10,1404.50,115.20,159.80,555.50,1,-1,-1,-1
335,1,678.00,0.00,201.10,667.40,1,-1,-1,-1
335,2,59.82,0.00,591.57,999.78,1,-1,-1,-1
335,3,1027.44,0.00,577.30,1058.03,1,-1,-1,-1
335,7,0.00,818.23,223.87,261.77,1,-1,-1,-1
335,8,687.56,0.00,320.70,834.66,1,-1,-1,-1
335,10,1423.70,115.20,140.60,493.37,1,-1,-1,-1
336,1,660.20,0.00,220.70,667.40,1,-1,-1,-1
336,2,58.08,0.00,594.76,1002.98,1,-1,-1,-1
336,3,1033.19,0.00,586.70,1065.35,1,-1,-1,-1
336,7,0.00,861.10,223.60,218.90,1,-1,-1,-1
336,8,689.84,0.00,324.80,837.39,1,-1,-1,-1
336,10,1442.90,115.20,121.40,431.23,1,-1,-1,-1
337,1,656.82,0.00,218.74,668.47,1,-1,-1,-1
337,2,56.35,0.00,597.93,1006.17,1,-1,-1,-1
337,3,1038.95,0.00,596.10,1072.68,1,-1,-1,-1
337,7,0.00,903.97,223.33,176.03,1,-1,-1,-1
337,8,692.12,0.00,328.90,840.12,1,-1,-1,-1
337,10,1462.10,115.20,102.20,369.10,1,-1,-1,-1
338,1,653.44,0.00,216.78,669.54,1,-1,-1,-1
338,2,54.61,0.00,601.12,1009.36,1,-1,-1,-1
338,3,1044.70,0.00,605.50,1080.00,1,-1,-1,-1
338,7,0.00,946.83,223.07,133.17,1,-1,-1,-1
338,8,694.40,0.00,333.00,842.85,1,-1,-1,-1
338,10,1441.77,116.33,102.76,367.97,1,-1,-1,-1
339,1,650.06,0.00,214.82,670.61,1,-1,-1,-1
339,2,52.87,0.00,604.31,1012.55,1,-1,-1,-1
339,3,1053.54,0.00,621.19,1080.00,1,-1,-1,-1
339,7,0.00,989.70,222.80,90.30,1,-1,-1,-1
339,8,696.68,0.00,337.10,845.58,1,-1,-1,-1
340,1,646.68,0.00,212.86,671.68,1,-1,-1,-1
340,2,51.13,0.00,607.49,1015.75,1,-1,-1,-1
340,3,1062.38,0.00,636.87,1080.00,1,-1,-1,-1
340,7,0.00,996.88,222.80,83.12,1,-1,-1,-1
340,8,698.96,0.00,341.20,848.31,1,-1,-1,-1
341,1,643.30,0.00,210.90,672.75,1,-1,-1,-1
341,2,49.39,0.00,610.68,1018.94,1,-1,-1,-1
341,3,1071.22,0.00,652.56,1080.00,1,-1,-1,-1
341,7,0.00,1004.07,222.80,75.93,1,-1,-1,-1
341,8,701.24,0.00,345.30,851.04,1,-1,-1,-1
342,1,639.92,0.00,208.94,673.82,1,-1,-1,-1
342,2,47.65,0.00,613.87,1022.13,1,-1,-1,-1
342,3,1080.06,0.00,668.25,1080.00,1,-1,-1,-1
342,7,0.00,1011.25,222.80,68.75,1,-1,-1,-1
342,8,703.52,0.00,349.40,853.77,1,-1,-1,-1
343,1,636.54,0.00,206.98,674.89,1,-1,-1,-1
343,2,45.92,0.00,617.04,1025.32,1,-1,-1,-1
343,3,1088.91,0.00,683.93,1080.00,1,-1,-1,-1
343,7,0.00,1018.43,222.80,61.57,1,-1,-1,-1
343,8,705.80,0.00,353.50,856.50,1,-1,-1,-1
344,1,633.16,0.00,205.02,675.96,1,-1,-1,-1
344,2,44.18,0.00,620.23,1028.52,1,-1,-1,-1
344,3,1097.75,0.00,699.61,1080.00,1,-1,-1,-1
344,7,0.00,1025.62,222.80,54.38,1,-1,-1,-1
344,8,709.75,0.00,358.21,858.02,1,-1,-1,-1
344,11,1679.12,447.82,240.88,533.94,1,-1,-1,-1
345,1,629.78,0.00,203.06,677.03,1,-1,-1,-1
345,2,42.44,0.00,623.41,1031.71,1,-1,-1,-1
345,3,1106.59,0.00,715.30,1080.00,1,-1,-1,-1
345,7,0.00,1032.80,222.80,47.20,1,-1,-1,-1
345,8,713.70,0.00,362.92,859.54,1,-1,-1,-1
345,11,1652.84,403.35,267.16,578.41,1,-1,-1,-1
346,1,626.40,0.00,201.10,678.10,1,-1,-1,-1
346,2,40.70,0.00,626.60,1034.90,1,-1,-1,-1
346,3,1115.43,0.00,730.99,1080.00,1,-1,-1,-1
346,7,0.00,1036.00,222.80,44.00,1,-1,-1,-1
346,8,717.65,0.00,367.63,861.06,1,-1,-1,-1
346,11,1626.57,358.87,293.43,622.89,1,-1,-1,-1
347,1,623.51,0.00,205.99,678.10,1,-1,-1,-1
347,2,40.70,0.00,629.99,1037.16,1,-1,-1,-1
347,3,1124.27,0.00,746.68,1080.00,1,-1,-1,-1
347,7,0.00,1039.20,222.80,40.80,1,-1,-1,-1
347,8,721.60,0.00,372.34,862.58,1,-1,-1,-1
347,11,1600.30,314.40,319.70,667.36,1,-1,-1,-1
348,1,620.63,0.00,210.87,678.10,1,-1,-1,-1
348,2,40.70,0.00,633.38,1039.42,1,-1,-1,-1
348,3,1133.11,0.00,762.36,1080.00,1,-1,-1,-1
348,7,0.00,1042.40,222.80,37.60,1,-1,-1,-1
348,8,725.55,0.00,377.05,864.10,1,-1,-1,-1
348,11,1632.15,294.70,287.85,611.28,1,-1,-1,-1
349,1,617.74,0.00,215.76,678.10,1,-1,-1,-1
349,2,40.70,0.00,636.77,1041.68,1,-1,-1,-1
349,3,1141.95,0.00,778.05,1080.00,1,-1,-1,-1
349,7,0.00,1045.60,222.80,34.40,1,-1,-1,-1
349,8,729.50,0.00,381.76,865.62,1,-1,-1,-1
349,10,1218.09,128.76,109.01,355.54,1,-1,-1,-1
349,11,1664.00,275.00,256.00,555.20,1,-1,-1,-1
350,1,614.85,0.00,220.65,678.10,1,-1,-1,-1
350,2,40.70,0.00,640.16,1043.94,1,-1,-1,-1
350,3,1148.94,0.00,771.06,1080.00,1,-1,-1,-1
350,7,0.00,1048.80,222.80,31.20,1,-1,-1,-1
350,8,733.45,0.00,386.47,867.14,1,-1,-1,-1
350,10,1210.63,109.78,132.73,400.94,1,-1,-1,-1
350,11,1664.00,417.50,256.00,412.70,1,-1,-1,-1
351,1,611.96,0.00,225.54,678.10,1,-1,-1,-1
351,2,40.70,0.00,643.55,1046.20,1,-1,-1,-1
351,3,1155.92,0.00,764.08,1080.00,1,-1,-1,-1
351,8,737.40,0.00,391.18,868.66,1,-1,-1,-1
351,10,1203.18,90.81,156.44,446.33,1,-1,-1,-1
352,1,609.07,0.00,230.43,678.10,1,-1,-1,-1
352,2,40.70,0.00,646.94,1048.46,1,-1,-1,-1
352,3,1162.91,0.00,757.09,1080.00,1,-1,-1,-1
352,8,741.35,0.00,395.89,870.18,1,-1,-1,-1
352,10,1195.72,71.84,180.16,491.72,1,-1,-1,-1
353,1,606.19,0.00,235.31,678.10,1,-1,-1,-1
353,2,40.70,0.00,650.33,1050.72,1,-1,-1,-1
353,3,1169.89,0.00,750.11,1080.00,1,-1,-1,-1
353,8,745.30,0.00,400.60,871.70,1,-1,-1,-1
353,10,1188.26,52.87,203.88,537.11,1,-1,-1,-1
354,1,603.30,0.00,240.20,678.10,1,-1,-1,-1
354,2,40.70,0.00,653.72,1052.98,1,-1,-1,-1
354,3,1176.88,0.00,743.12,1080.00,1,-1,-1,-1
354,8,753.50,0.00,395.74,874.44,1,-1,-1,-1
354,10,1180.80,33.90,227.60,582.50,1,-1,-1,-1
355,1,603.30,0.00,242.49,678.86,1,-1,-1,-1
355,2,40.70,0.00,657.11,1055.24,1,-1,-1,-1
355,3,1183.86,0.00,736.14,1080.00,1,-1,-1,-1
355,8,761.70,0.00,390.88,877.18,1,-1,-1,-1
355,10,1178.25,36.45,225.08,579.95,1,-1,-1,-1
356,1,603.30,0.00,244.77,679.61,1,-1,-1,-1
356,2,40.70,0.00,660.50,1057.50,1,-1,-1,-1
356,3,1190.85,0.00,729.15,1080.00,1,-1,-1,-1
356,8,769.90,0.00,386.02,879.92,1,-1,-1,-1
356,10,1175.70,39.00,222.55,577.40,1,-1,-1,-1
357,1,603.30,0.00,247.06,680.37,1,-1,-1,-1
357,2,43.92,0.00,658.43,1057.50,1,-1,-1,-1
357,3,1197.83,0.00,722.17,1080.00,1,-1,-1,-1
357,8,778.10,0.00,381.16,882.66,1,-1,-1,-1
357,10,1173.15,41.55,220.03,574.85,1,-1,-1,-1
358,1,603.30,0.00,249.34,681.13,1,-1,-1,-1
358,2,47.13,0.00,656.36,1057.50,1,-1,-1,-1
358,3,1204.82,0.00,715.18,1080.00,1,-1,-1,-1
358,8,786.30,0.00,376.30,885.40,1,-1,-1,-1
358,10,1170.60,44.10,217.50,572.30,1,-1,-1,-1
359,1,603.30,0.00,251.63,681.89,1,-1,-1,-1
359,2,50.35,0.00,654.29,1057.50,1,-1,-1,-1
359,3,1211.80,0.00,708.20,1080.00,1,-1,-1,-1
359,8,788.95,0.00,373.65,887.30,1,-1,-1,-1
359,10,1170.60,47.50,214.10,565.50,1,-1,-1,-1
360,1,603.30,0.00,253.91,682.64,1,-1,-1,-1
360,2,53.56,0.00,652.23,1057.50,1,-1,-1,-1
360,3,1243.39,0.00,676.61,1080.00,1,-1,-1,-1
360,8,791.60,0.00,371.00,889.20,1,-1,-1,-1
360,10,1170.60,50.90,210.70,558.70,1,-1,-1,-1
361,1,603.30,0.00,256.20,683.40,1,-1,-1,-1
361,2,56.78,0.00,650.16,1057.50,1,-1,-1,-1
361,3,1274.98,0.00,645.02,1080.00,1,-1,-1,-1
361,8,794.25,0.00,368.35,891.10,1,-1,-1,-1
361,10,1170.60,54.30,207.30,551.90,1,-1,-1,-1
362,1,603.30,0.00,254.42,680.73,1,-1,-1,-1
362,2,59.99,0.00,648.09,1057.50,1,-1,-1,-1
362,3,1306.57,0.00,613.43,1080.00,1,-1,-1,-1
362,8,796.90,0.00,365.70,893.00,1,-1,-1,-1
362,10,1170.60,56.34,197.82,549.86,1,-1,-1,-1
363,1,603.30,0.00,252.64,678.06,1,-1,-1,-1
363,2,63.21,0.00,646.02,1057.50,1,-1,-1,-1
363,3,1338.16,0.00,581.84,1080.00,1,-1,-1,-1
363,8,798.42,0.00,364.18,893.92,1,-1,-1,-1
363,10,1170.60,58.38,188.34,547.82,1,-1,-1,-1
363,11,1445.70,94.00,207.50,314.80,1,-1,-1,-1
364,1,603.30,0.00,250.86,675.39,1,-1,-1,-1
364,2,66.43,0.00,643.95,1057.50,1,-1,-1,-1
364,3,1369.74,0.00,550.26,1080.00,1,-1,-1,-1
364,8,799.94,0.00,362.66,894.84,1,-1,-1,-1
364,10,1170.60,60.42,178.86,545.78,1,-1,-1,-1
364,11,1436.60,62.67,219.63,348.16,1,-1,-1,-1
365,1,603.30,0.00,249.08,672.72,1,-1,-1,-1
365,2,69.64,0.00,641.89,1057.50,1,-1,-1,-1
365,3,1401.33,0.00,518.67,1080.00,1,-1,-1,-1
365,8,801.46,0.00,361.14,895.76,1,-1,-1,-1
365,10,1170.60,62.46,169.38,543.74,1,-1,-1,-1
365,11,1427.50,31.33,231.77,381.54,1,-1,-1,-1
366,1,603.30,0.00,247.30,670.05,1,-1,-1,-1
366,2,72.86,0.00,639.81,1057.50,1,-1,-1,-1
366,3,1432.92,0.00,487.08,1080.00,1,-1,-1,-1
366,8,802.98,0.00,359.62,896.68,1,-1,-1,-1
366,10,1170.60,64.50,159.90,541.70,1,-1,-1,-1
366,11,1418.40,0.00,243.90,414.90,1,-1,-1,-1
367,1,603.30,0.00,245.52,667.38,1,-1,-1,-1
367,2,76.07,0.00,637.75,1057.50,1,-1,-1,-1
367,3,1464.51,0.00,455.49,1080.00,1,-1,-1,-1
367,8,804.50,0.00,358.10,897.60,1,-1,-1,-1
367,10,1157.03,66.77,173.47,531.53,1,-1,-1,-1
367,11,1411.33,0.00,264.10,519.00,1,-1,-1,-1
368,1,603.30,0.00,243.74,664.71,1,-1,-1,-1
368,2,79.29,0.00,635.68,1057.50,1,-1,-1,-1
368,3,1496.10,0.00,423.90,1080.00,1,-1,-1,-1
368,8,806.87,0.00,358.77,898.61,1,-1,-1,-1
368,10,1143.47,69.03,187.03,521.37,1,-1,-1,-1
368,11,1404.27,0.00,284.30,623.10,1,-1,-1,-1
369,1,603.30,0.00,241.96,662.04,1,-1,-1,-1
369,2,82.51,0.00,633.61,1057.50,1,-1,-1,-1
369,3,1504.82,0.00,415.18,1080.00,1,-1,-1,-1
369,8,809.23,0.00,359.46,899.62,1,-1,-1,-1
369,10,1129.90,71.30,200.60,511.20,1,-1,-1,-1
369,11,1397.20,0.00,304.50,727.20,1,-1,-1,-1
370,1,603.30,0.00,240.18,659.37,1,-1,-1,-1
370,2,85.72,0.00,631.54,1057.50,1,-1,-1,-1
370,3,1513.55,0.00,406.45,1080.00,1,-1,-1,-1
370,8,811.60,0.00,360.13,900.63,1,-1,-1,-1
370,10,1134.64,73.34,192.48,506.44,1,-1,-1,-1
370,11,1397.20,0.00,306.01,727.20,1,-1,-1,-1
371,1,603.30,0.00,238.40,656.70,1,-1,-1,-1
371,2,88.94,0.00,629.47,1057.50,1,-1,-1,-1
371,3,1522.27,0.00,397.73,1080.00,1,-1,-1,-1
371,8,813.97,0.00,360.81,901.64,1,-1,-1,-1
371,10,1139.38,75.38,184.36,501.68,1,-1,-1,-1
371,11,1397.20,0.00,307.53,727.20,1,-1,-1,-1
372,1,603.30,0.00,235.73,655.81,1,-1,-1,-1
372,2,92.15,0.00,627.41,1057.50,1,-1,-1,-1
372,3,1531.00,0.00,389.00,1080.00,1,-1,-1,-1
372,8,816.33,0.00,361.49,902.66,1,-1,-1,-1
372,10,1144.12,77.42,176.24,496.92,1,-1,-1,-1
372,11,1397.20,0.00,309.04,727.20,1,-1,-1,-1
373,1,603.30,0.00,233.06,654.92,1,-1,-1,-1
373,2,95.37,0.00,625.34,1057.50,1,-1,-1,-1
373,3,1539.72,0.00,380.28,1080.00,1,-1,-1,-1
373,8,818.70,0.00,362.17,903.67,1,-1,-1,-1
373,10,1148.86,79.46,168.12,492.16,1,-1,-1,-1
373,11,1397.20,0.00,310.55,727.20,1,-1,-1,-1
374,1,603.30,0.00,230.39,654.03,1,-1,-1,-1
374,2,98.58,0.00,623.27,1057.50,1,-1,-1,-1
374,3,1548.45,0.00,371.55,1080.00,1,-1,-1,-1
374,8,821.07,0.00,362.84,904.68,1,-1,-1,-1
374,10,1153.60,81.50,160.00,487.40,1,-1,-1,-1
374,11,1397.20,0.00,312.06,727.20,1,-1,-1,-1
375,1,603.30,0.00,227.72,653.14,1,-1,-1,-1
375,2,101.80,0.00,621.20,1057.50,1,-1,-1,-1
375,3,1557.17,0.00,362.83,1080.00,1,-1,-1,-1
375,8,823.43,0.00,363.53,905.69,1,-1,-1,-1
375,10,1152.92,84.22,156.62,476.54,1,-1,-1,-1
375,11,1397.20,0.00,313.58,727.20,1,-1,-1,-1
376,1,603.30,0.00,225.05,652.25,1,-1,-1,-1
376,2,100.01,0.00,624.27,1058.82,1,-1,-1,-1
376,3,1565.90,0.00,354.10,1080.00,1,-1,-1,-1
376,7,0.00,0.00,153.30,1080.00,1,-1,-1,-1
376,8,825.80,0.00,364.20,906.70,1,-1,-1,-1
376,10,1152.24,86.94,153.24,465.68,1,-1,-1,-1
376,11,1397.20,0.00,315.09,727.20,1,-1,-1,-1
377,1,603.30,0.00,222.38,651.36,1,-1,-1,-1
377,2,98.21,0.00,627.35,1060.15,1,-1,-1,-1
377,3,1574.62,0.00,345.38,1080.00,1,-1,-1,-1
377,7,0.00,0.00,157.29,1080.00,1,-1,-1,-1
377,8,827.32,0.00,366.78,909.59,1,-1,-1,-1
377,10,1151.56,89.66,149.86,454.82,1,-1,-1,-1
377,11,1397.20,0.00,316.60,727.20,1,-1,-1,-1
378,1,603.30,0.00,219.71,650.47,1,-1,-1,-1
378,2,96.42,0.00,630.43,1061.47,1,-1,-1,-1
378,3,1583.35,0.00,336.65,1080.00,1,-1,-1,-1
378,7,0.00,0.00,161.28,1080.00,1,-1,-1,-1
378,8,828.84,0.00,369.36,912.48,1,-1,-1,-1
378,10,1150.88,92.38,146.48,443.96,1,-1,-1,-1
378,11,1397.20,0.00,304.50,727.20,1,-1,-1,-1
379,1,603.30,0.00,217.04,649.58,1,-1,-1,-1
379,2,94.62,0.00,633.51,1062.79,1,-1,-1,-1
379,3,1592.07,0.00,327.93,1080.00,1,-1,-1,-1
379,7,0.00,0.00,165.27,1080.00,1,-1,-1,-1
379,8,830.36,0.00,371.94,915.37,1,-1,-1,-1
379,10,1150.20,95.10,143.10,433.10,1,-1,-1,-1
379,11,1374.97,0.00,316.63,727.20,1,-1,-1,-1
380,1,603.30,0.00,214.37,648.69,1,-1,-1,-1
380,2,92.83,0.00,636.58,1064.12,1,-1,-1,-1
380,3,1600.80,0.00,319.20,1080.00,1,-1,-1,-1
380,7,0.00,0.00,169.26,1080.00,1,-1,-1,-1
380,8,831.88,0.00,374.52,918.26,1,-1,-1,-1
380,10,1150.20,95.10,137.18,432.25,1,-1,-1,-1
380,11,1352.73,0.00,328.77,727.20,1,-1,-1,-1
381,1,603.30,0.00,211.70,647.80,1,-1,-1,-1
381,2,91.04,0.00,639.65,1065.44,1,-1,-1,-1
381,3,1607.92,0.00,312.08,1080.00,1,-1,-1,-1
381,7,0.00,0.00,173.24,1080.00,1,-1,-1,-1
381,8,833.40,0.00,377.10,921.15,1,-1,-1,-1
381,10,1150.20,95.10,131.25,431.40,1,-1,-1,-1
381,11,1330.50,0.00,340.90,727.20,1,-1,-1,-1
382,1,603.30,0.00,212.53,647.80,1,-1,-1,-1
382,2,89.24,0.00,642.74,1066.76,1,-1,-1,-1
382,3,1615.04,0.00,304.96,1080.00,1,-1,-1,-1
382,7,0.00,0.00,177.23,1080.00,1,-1,-1,-1
382,8,834.92,0.00,379.68,924.04,1,-1,-1,-1
382,10,1150.20,95.10,125.33,430.55,1,-1,-1,-1
382,11,1328.33,0.00,331.81,727.20,1,-1,-1,-1
383,1,603.30,0.00,213.37,647.80,1,-1,-1,-1
383,2,87.45,0.00,645.81,1068.09,1,-1,-1,-1
383,3,1622.16,0.00,297.84,1080.00,1,-1,-1,-1
383,7,0.00,0.00,181.22,1080.00,1,-1,-1,-1
383,8,836.44,0.00,382.26,926.93,1,-1,-1,-1
383,10,1150.20,95.10,119.40,429.70,1,-1,-1,-1
383,11,1326.16,0.00,322.73,727.20,1,-1,-1,-1
384,1,603.30,0.00,214.20,647.80,1,-1,-1,-1
384,2,85.65,0.00,648.89,1069.41,1,-1,-1,-1
384,3,1629.29,0.00,290.71,1080.00,1,-1,-1,-1
384,7,0.00,0.00,185.21,1080.00,1,-1,-1,-1
384,8,837.96,0.00,384.84,929.82,1,-1,-1,-1
384,10,1147.93,95.10,116.04,429.70,1,-1,-1,-1
384,11,1323.99,0.00,313.64,727.20,1,-1,-1,-1
385,1,603.30,0.00,215.03,647.80,1,-1,-1,-1
385,2,83.86,0.00,651.96,1070.74,1,-1,-1,-1
385,3,1636.41,0.00,283.59,1080.00,1,-1,-1,-1
385,7,0.00,0.00,189.20,1080.00,1,-1,-1,-1
385,8,839.48,0.00,387.42,932.71,1,-1,-1,-1
385,10,1145.67,95.10,112.66,429.70,1,-1,-1,-1
385,11,1321.81,0.00,304.56,727.20,1,-1,-1,-1
386,1,603.30,0.00,215.87,647.80,1,-1,-1,-1
386,2,82.06,0.00,655.05,1072.06,1,-1,-1,-1
386,3,1643.53,0.00,276.47,1080.00,1,-1,-1,-1
386,7,0.00,0.00,186.17,1080.00,1,-1,-1,-1
386,8,841.00,0.00,390.00,935.60,1,-1,-1,-1
386,10,1143.40,95.10,109.30,429.70,1,-1,-1,-1
386,11,1319.64,0.00,295.47,727.20,1,-1,-1,-1
387,1,603.30,0.00,216.70,647.80,1,-1,-1,-1
387,2,80.27,0.00,658.12,1073.38,1,-1,-1,-1
387,3,1650.65,0.00,269.35,1080.00,1,-1,-1,-1
387,7,0.00,0.00,183.13,1080.00,1,-1,-1,-1
387,8,840.81,0.00,393.60,937.50,1,-1,-1,-1
387,10,1144.10,125.35,108.60,401.53,1,-1,-1,-1
387,11,1317.47,0.00,286.39,727.20,1,-1,-1,-1
388,1,603.30,0.00,217.53,647.80,1,-1,-1,-1
388,2,78.48,0.00,661.19,1074.71,1,-1,-1,-1
388,3,1657.77,0.00,262.23,1080.00,1,-1,-1,-1
388,7,0.00,0.00,180.10,1080.00,1,-1,-1,-1
388,8,840.62,0.00,397.20,939.40,1,-1,-1,-1
388,10,1144.80,155.60,107.90,373.35,1,-1,-1,-1
388,11,1315.30,0.00,277.30,727.20,1,-1,-1,-1
389,1,603.30,0.00,218.37,647.80,1,-1,-1,-1
389,2,76.68,0.00,664.27,1076.03,1,-1,-1,-1
389,3,1664.89,0.00,255.11,1080.00,1,-1,-1,-1
389,7,0.00,0.00,177.07,1080.00,1,-1,-1,-1
389,8,840.44,0.00,400.80,941.30,1,-1,-1,-1
389,10,1145.50,185.85,107.20,345.18,1,-1,-1,-1
389,11,1318.32,0.00,263.68,711.28,1,-1,-1,-1
390,1,603.30,0.00,219.20,647.80,1,-1,-1,-1
390,2,74.89,0.00,667.35,1077.35,1,-1,-1,-1
390,3,1672.01,0.00,247.99,1080.00,1,-1,-1,-1
390,7,0.00,0.00,174.03,1080.00,1,-1,-1,-1
390,8,840.25,0.00,404.40,943.20,1,-1,-1,-1
390,10,1146.20,216.10,106.50,317.00,1,-1,-1,-1
390,11,1321.35,0.00,250.05,695.35,1,-1,-1,-1
391,1,603.30,0.00,220.03,647.80,1,-1,-1,-1
391,2,73.09,0.00,670.43,1078.68,1,-1,-1,-1
391,3,1679.14,0.00,240.86,1080.00,1,-1,-1,-1
391,7,0.00,0.00,171.00,1080.00,1,-1,-1,-1
391,8,840.06,0.00,408.00,945.10,1,-1,-1,-1
391,10,1151.77,248.53,95.83,284.57,1,-1,-1,-1
391,11,1324.37,0.00,236.43,679.43,1,-1,-1,-1
392,1,603.30,0.00,220.87,647.80,1,-1,-1,-1
392,2,71.30,0.00,673.50,1080.00,1,-1,-1,-1
392,3,1686.26,0.00,233.74,1080.00,1,-1,-1,-1
392,7,0.00,0.00,167.97,1080.00,1,-1,-1,-1
392,8,839.88,0.00,411.59,947.00,1,-1,-1,-1
392,10,1157.33,280.97,85.17,252.13,1,-1,-1,-1
392,11,1327.40,0.00,222.80,663.50,1,-1,-1,-1
393,1,603.30,0.00,221.70,647.80,1,-1,-1,-1
393,2,68.06,0.00,676.74,1080.00,1,-1,-1,-1
393,3,1693.38,0.00,226.62,1080.00,1,-1,-1,-1
393,7,0.00,0.00,164.93,1080.00,1,-1,-1,-1
393,8,839.69,0.00,415.20,948.90,1,-1,-1,-1
393,10,1162.90,313.40,74.50,219.70,1,-1,-1,-1
393,11,1314.53,0.00,228.09,663.50,1,-1,-1,-1
394,1,603.30,0.00,222.53,647.80,1,-1,-1,-1
394,2,64.82,0.00,679.98,1080.00,1,-1,-1,-1
394,3,1700.50,0.00,219.50,1080.00,1,-1,-1,-1
394,7,0.00,0.00,161.90,1080.00,1,-1,-1,-1
394,8,839.50,0.00,418.80,950.80,1,-1,-1,-1
394,10,1157.33,328.70,68.47,197.43,1,-1,-1,-1
394,11,1301.65,0.00,233.40,663.50,1,-1,-1,-1
395,1,603.30,0.00,223.37,647.80,1,-1,-1,-1
395,2,61.58,0.00,683.22,1080.00,1,-1,-1,-1
395,3,1708.61,0.00,211.39,1080.00,1,-1,-1,-1
395,7,0.00,0.00,158.87,1080.00,1,-1,-1,-1
395,8,830.39,0.00,427.25,954.06,1,-1,-1,-1
395,10,1151.77,344.00,62.43,175.17,1,-1,-1,-1
395,11,1288.78,0.00,238.69,663.50,1,-1,-1,-1
396,1,603.30,0.00,224.20,647.80,1,-1,-1,-1
396,2,58.34,0.00,686.46,1080.00,1,-1,-1,-1
396,3,1716.72,0.00,203.28,1080.00,1,-1,-1,-1
396,7,0.00,0.00,155.83,1080.00,1,-1,-1,-1
396,8,821.27,0.00,435.72,957.31,1,-1,-1,-1
396,10,1146.20,359.30,56.40,152.90,1,-1,-1,-1
396,11,1275.90,0.00,244.00,663.50,1,-1,-1,-1
397,1,603.30,0.00,224.20,647.80,1,-1,-1,-1
397,2,55.10,0.00,689.70,1080.00,1,-1,-1,-1
397,3,1724.83,0.00,195.17,1080.00,1,-1,-1,-1
397,7,0.00,0.00,152.80,1080.00,1,-1,-1,-1
397,8,812.16,0.00,444.17,960.57,1,-1,-1,-1
397,10,1146.20,359.30,43.90,148.70,1,-1,-1,-1
397,11,1265.28,4.05,248.05,657.43,1,-1,-1,-1
398,1,603.30,0.00,224.20,647.80,1,-1,-1,-1
398,2,51.85,0.00,692.95,1080.00,1,-1,-1,-1
398,3,1732.93,0.00,187.07,1080.00,1,-1,-1,-1
398,7,0.00,0.00,149.77,1080.00,1,-1,-1,-1
398,8,803.04,0.00,452.63,963.83,1,-1,-1,-1
398,11,1254.67,8.10,252.10,651.37,1,-1,-1,-1
399,1,603.30,0.00,224.20,647.80,1,-1,-1,-1
399,2,48.61,0.00,696.19,1080.00,1,-1,-1,-1
399,3,1741.04,0.00,178.96,1080.00,1,-1,-1,-1
399,7,0.00,0.00,146.73,1080.00,1,-1,-1,-1
399,8,793.93,0.00,461.08,967.09,1,-1,-1,-1
399,11,1244.05,12.15,256.15,645.30,1,-1,-1,-1
400,1,603.30,0.00,224.20,647.80,1,-1,-1,-1
400,2,45.37,0.00,699.43,1080.00,1,-1,-1,-1
400,3,1749.15,0.00,170.85,1080.00,1,-1,-1,-1
400,7,0.00,0.00,143.70,1080.00,1,-1,-1,-1
400,8,784.81,0.00,469.55,970.34,1,-1,-1,-1
400,11,1233.43,16.20,260.20,639.23,1,-1,-1,-1
401,1,603.30,0.00,224.20,647.80,1,-1,-1,-1
401,2,42.13,0.00,702.67,1080.00,1,-1,-1,-1
401,3,1757.26,0.00,162.74,1080.00,1,-1,-1,-1
401,8,775.70,0.00,478.00,973.60,1,-1,-1,-1
401,11,1222.82,20.25,264.25,633.17,1,-1,-1,-1
402,1,603.30,0.00,224.20,647.80,1,-1,-1,-1
402,2,38.89,0.00,705.91,1080.00,1,-1,-1,-1
402,3,1765.37,0.00,154.63,1080.00,1,-1,-1,-1
402,8,777.66,0.00,469.31,977.50,1,-1,-1,-1
402,11,1212.20,24.30,268.30,627.10,1,-1,-1,-1
403,1,603.30,0.00,224.20,647.80,1,-1,-1,-1
403,2,35.65,0.00,709.15,1080.00,1,-1,-1,-1
403,3,1773.48,0.00,146.52,1080.00,1,-1,-1,-1
403,8,779.61,0.00,460.63,981.40,1,-1,-1,-1
403,11,1212.20,25.17,260.07,619.73,1,-1,-1,-1
404,1,603.30,0.00,224.20,647.80,1,-1,-1,-1
404,2,32.41,0.00,712.39,1080.00,1,-1,-1,-1
404,3,1781.58,0.00,138.42,1080.00,1,-1,-1,-1
404,8,781.57,0.00,451.94,985.30,1,-1,-1,-1
404,11,1212.20,26.04,251.84,612.36,1,-1,-1,-1
405,1,603.30,0.00,224.20,647.80,1,-1,-1,-1
405,2,29.17,0.00,715.63,1080.00,1,-1,-1,-1
405,3,1789.69,0.00,130.31,1080.00,1,-1,-1,-1
405,8,783.53,0.00,443.26,989.20,1,-1,-1,-1
405,11,1212.20,26.91,243.61,604.99,1,-1,-1,-1
406,1,603.30,0.00,224.20,647.80,1,-1,-1,-1
406,2,25.93,0.00,718.87,1080.00,1,-1,-1,-1
406,3,1797.80,0.00,122.20,1080.00,1,-1,-1,-1
406,8,785.49,0.00,434.57,993.10,1,-1,-1,-1
406,11,1212.20,27.79,235.39,597.61,1,-1,-1,-1
407,1,603.30,0.00,224.20,647.80,1,-1,-1,-1
407,2,22.69,0.00,722.11,1080.00,1,-1,-1,-1
407,3,1797.80,0.00,122.20,1080.00,1,-1,-1,-1
407,8,787.44,0.00,425.89,997.00,1,-1,-1,-1
407,11,1212.20,28.66,227.16,590.24,1,-1,-1,-1
408,1,603.30,0.00,224.20,647.80,1,-1,-1,-1
408,2,19.45,0.00,725.35,1080.00,1,-1,-1,-1
408,8,789.40,0.00,417.20,1000.90,1,-1,-1,-1
408,11,1212.20,29.53,218.93,582.87,1,-1,-1,-1
409,1,603.30,0.00,224.20,647.80,1,-1,-1,-1
409,2,16.20,0.00,728.60,1080.00,1,-1,-1,-1
409,8,789.40,0.00,417.20,1008.04,1,-1,-1,-1
409,11,1212.20,30.40,210.70,575.50,1,-1,-1,-1
410,1,603.30,0.00,224.20,647.80,1,-1,-1,-1
410,2,12.96,0.00,731.84,1080.00,1,-1,-1,-1
410,8,789.40,0.00,417.20,1015.18,1,-1,-1,-1
410,11,1206.63,30.90,209.20,572.47,1,-1,-1,-1
411,1,603.30,0.00,223.02,647.80,1,-1,-1,-1
411,2,9.72,0.00,735.08,1080.00,1,-1,-1,-1
411,8,789.40,0.00,417.20,1022.32,1,-1,-1,-1
411,11,1201.07,31.40,207.70,569.43,1,-1,-1,-1
412,1,603.30,0.00,221.83,647.80,1,-1,-1,-1
412,2,6.48,0.00,738.32,1080.00,1,-1,-1,-1
412,8,789.40,0.00,417.20,1029.46,1,-1,-1,-1
412,11,1195.50,31.90,206.20,566.40,1,-1,-1,-1
413,1,603.30,0.00,220.65,647.80,1,-1,-1,-1
413,2,3.24,0.00,741.56,1080.00,1,-1,-1,-1
413,8,789.40,0.00,417.20,1036.60,1,-1,-1,-1
413,11,1189.93,32.40,204.70,563.37,1,-1,-1,-1
414,1,603.30,0.00,219.47,647.80,1,-1,-1,-1
414,2,0.00,0.00,744.80,1080.00,1,-1,-1,-1
414,8,789.40,0.00,417.20,1043.74,1,-1,-1,-1
414,11,1184.37,32.90,203.20,560.33,1,-1,-1,-1
415,1,603.30,0.00,218.28,647.80,1,-1,-1,-1
415,2,0.00,0.00,741.53,1080.00,1,-1,-1,-1
415,8,789.40,0.00,417.20,1050.88,1,-1,-1,-1
415,11,1178.80,33.40,201.70,557.30,1,-1,-1,-1
416,1,603.30,0.00,217.10,647.80,1,-1,-1,-1
416,2,0.00,0.00,738.26,1080.00,1,-1,-1,-1
416,8,789.40,0.00,417.20,1058.02,1,-1,-1,-1
416,11,1175.26,35.93,201.71,553.76,1,-1,-1,-1
417,1,592.60,0.00,227.80,647.80,1,-1,-1,-1
417,2,0.00,0.00,734.99,1080.00,1,-1,-1,-1
417,8,789.40,0.00,417.20,1065.16,1,-1,-1,-1
417,11,1171.72,38.47,201.71,550.21,1,-1,-1,-1
418,1,581.90,0.00,238.50,647.80,1,-1,-1,-1
418,2,0.00,0.00,731.72,1080.00,1,-1,-1,-1
418,8,789.40,0.00,417.20,1072.30,1,-1,-1,-1
418,11,1168.19,41.00,201.71,546.67,1,-1,-1,-1
419,1,575.14,0.00,237.78,656.70,1,-1,-1,-1
419,2,0.00,0.00,728.45,1080.00,1,-1,-1,-1
419,8,786.37,0.00,421.75,1073.58,1,-1,-1,-1
419,11,1164.65,43.53,201.72,543.13,1,-1,-1,-1
420,1,568.38,0.00,237.06,665.60,1,-1,-1,-1
420,2,0.00,0.00,725.17,1080.00,1,-1,-1,-1
420,8,783.33,0.00,426.30,1074.87,1,-1,-1,-1
420,11,1161.11,46.07,201.72,539.58,1,-1,-1,-1
421,1,561.62,0.00,236.34,674.50,1,-1,-1,-1
421,2,0.00,0.00,721.90,1080.00,1,-1,-1,-1
421,8,780.30,0.00,430.85,1076.15,1,-1,-1,-1
421,11,1157.58,48.60,201.72,536.04,1,-1,-1,-1
422,1,554.86,0.00,235.62,683.40,1,-1,-1,-1
422,2,0.00,0.00,718.63,1080.00,1,-1,-1,-1
422,8,777.27,0.00,435.40,1077.43,1,-1,-1,-1
422,11,1159.10,49.10,190.60,532.50,1,-1,-1,-1
423,1,548.10,0.00,234.90,692.30,1,-1,-1,-1
423,2,0.00,0.00,715.36,1080.00,1,-1,-1,-1
423,8,774.23,0.00,439.95,1078.72,1,-1,-1,-1
423,11,1160.62,49.60,179.48,528.97,1,-1,-1,-1
424,1,546.14,0.00,238.82,693.72,1,-1,-1,-1
424,2,0.00,0.00,712.09,1080.00,1,-1,-1,-1
424,8,771.20,0.00,444.50,1080.00,1,-1,-1,-1
424,11,1162.14,50.10,168.36,525.44,1,-1,-1,-1
425,1,544.18,0.00,242.74,695.14,1,-1,-1,-1
425,2,0.00,0.00,708.82,1080.00,1,-1,-1,-1
425,8,775.17,0.25,444.08,1079.75,1,-1,-1,-1
425,11,1163.66,50.60,157.23,521.91,1,-1,-1,-1
426,1,542.22,0.00,246.66,696.56,1,-1,-1,-1
426,2,0.00,0.00,705.55,1080.00,1,-1,-1,-1
426,8,779.13,0.51,443.66,1079.49,1,-1,-1,-1
426,11,1165.18,51.10,146.11,518.38,1,-1,-1,-1
427,1,540.26,0.00,250.58,697.98,1,-1,-1,-1
427,2,0.00,0.00,702.28,1080.00,1,-1,-1,-1
427,8,783.10,0.76,443.24,1079.24,1,-1,-1,-1
427,11,1166.70,51.60,134.99,514.84,1,-1,-1,-1
428,1,538.30,0.00,254.50,699.40,1,-1,-1,-1
428,2,0.00,0.00,699.01,1080.00,1,-1,-1,-1
428,8,787.07,1.01,442.81,1078.99,1,-1,-1,-1
428,11,1175.80,51.60,116.80,514.84,1,-1,-1,-1
429,1,536.34,0.00,258.42,700.82,1,-1,-1,-1
429,2,0.00,0.00,695.74,1080.00,1,-1,-1,-1
429,8,791.03,1.27,442.40,1078.73,1,-1,-1,-1
429,11,1184.90,51.60,98.60,514.84,1,-1,-1,-1
430,1,534.38,0.00,262.34,702.24,1,-1,-1,-1
430,2,0.00,0.00,692.47,1080.00,1,-1,-1,-1
430,8,795.00,1.52,441.97,1078.48,1,-1,-1,-1
430,11,1184.90,51.60,89.50,417.82,1,-1,-1,-1
431,1,532.42,0.00,266.26,703.66,1,-1,-1,-1
431,2,0.00,0.00,689.20,1080.00,1,-1,-1,-1
431,8,797.90,1.52,443.33,1078.48,1,-1,-1,-1
431,11,1184.90,51.60,80.40,320.80,1,-1,-1,-1
432,1,530.46,0.00,270.18,705.08,1,-1,-1,-1
432,2,0.00,0.00,685.92,1080.00,1,-1,-1,-1
432,8,800.80,1.52,444.68,1078.48,1,-1,-1,-1
432,11,1203.10,51.60,62.20,320.80,1,-1,-1,-1
433,1,528.50,0.00,274.10,706.50,1,-1,-1,-1
433,2,0.00,0.00,682.65,1080.00,1,-1,-1,-1
433,8,803.70,1.52,446.03,1078.48,1,-1,-1,-1
433,11,1203.10,51.60,56.10,320.80,1,-1,-1,-1
434,1,527.84,0.00,286.77,708.73,1,-1,-1,-1
434,2,0.00,0.00,679.38,1080.00,1,-1,-1,-1
434,8,806.60,1.52,447.39,1078.48,1,-1,-1,-1
434,11,1203.10,51.60,56.10,320.80,1,-1,-1,-1
435,1,527.18,0.00,299.45,710.95,1,-1,-1,-1
435,2,0.00,0.00,676.11,1080.00,1,-1,-1,-1
435,8,809.50,1.52,448.74,1078.48,1,-1,-1,-1
435,11,1203.10,51.60,56.10,320.80,1,-1,-1,-1
436,1,526.51,0.00,312.13,713.18,1,-1,-1,-1
436,2,0.00,0.00,672.84,1080.00,1,-1,-1,-1
436,8,806.10,1.27,460.05,1078.73,1,-1,-1,-1
437,1,525.85,0.00,324.80,715.40,1,-1,-1,-1
437,2,0.00,0.00,669.57,1080.00,1,-1,-1,-1
437,8,802.70,1.01,471.36,1078.99,1,-1,-1,-1
438,1,525.19,0.00,337.47,717.63,1,-1,-1,-1
438,2,0.00,0.00,666.30,1080.00,1,-1,-1,-1
438,8,799.30,0.76,482.67,1079.24,1,-1,-1,-1
439,1,524.53,0.00,350.15,719.85,1,-1,-1,-1
439,2,0.00,0.00,647.98,1080.00,1,-1,-1,-1
439,8,795.90,0.51,493.98,1079.49,1,-1,-1,-1
440,1,523.86,0.00,362.83,722.08,1,-1,-1,-1
440,2,0.00,0.00,629.66,1080.00,1,-1,-1,-1
440,8,792.50,0.25,505.29,1079.75,1,-1,-1,-1
441,1,523.20,0.00,375.50,724.30,1,-1,-1,-1
441,2,0.00,0.00,611.34,1080.00,1,-1,-1,-1
441,8,789.10,0.00,516.60,1080.00,1,-1,-1,-1
442,1,534.58,0.00,364.12,725.36,1,-1,-1,-1
442,2,0.00,0.00,593.02,1080.00,1,-1,-1,-1
442,8,787.97,0.00,527.33,1080.00,1,-1,-1,-1
443,1,545.96,0.00,352.74,726.42,1,-1,-1,-1
443,2,0.00,0.00,574.70,1080.00,1,-1,-1,-1
443,8,786.83,0.00,538.07,1080.00,1,-1,-1,-1
444,1,557.34,0.00,341.36,727.48,1,-1,-1,-1
444,2,0.00,0.00,567.16,1080.00,1,-1,-1,-1
444,8,785.70,0.00,548.80,1080.00,1,-1,-1,-1
445,1,568.72,0.00,329.98,728.54,1,-1,-1,-1
445,2,0.00,0.00,559.63,1080.00,1,-1,-1,-1
445,8,784.57,0.00,559.53,1080.00,1,-1,-1,-1
446,1,580.10,0.00,318.60,729.60,1,-1,-1,-1
446,2,0.00,0.00,552.09,1080.00,1,-1,-1,-1
446,8,783.43,0.00,570.27,1080.00,1,-1,-1,-1
447,1,600.74,0.00,297.96,735.64,1,-1,-1,-1
447,2,0.00,0.00,544.55,1080.00,1,-1,-1,-1
447,8,782.30,0.00,581.00,1080.00,1,-1,-1,-1
448,1,621.38,0.00,277.32,741.68,1,-1,-1,-1
448,2,0.00,0.00,537.02,1080.00,1,-1,-1,-1
448,8,772.13,0.00,603.04,1080.00,1,-1,-1,-1
449,1,642.02,0.00,256.68,747.72,1,-1,-1,-1
449,2,0.00,0.00,529.48,1080.00,1,-1,-1,-1
449,8,761.97,0.00,625.06,1080.00,1,-1,-1,-1
450,1,662.66,0.00,236.04,753.76,1,-1,-1,-1
450,2,0.00,0.00,521.95,1080.00,1,-1,-1,-1
450,8,751.80,0.00,647.10,1080.00,1,-1,-1,-1
451,1,683.30,0.00,215.40,759.80,1,-1,-1,-1
451,2,0.00,0.00,514.41,1080.00,1,-1,-1,-1
451,8,741.63,0.00,669.14,1080.00,1,-1,-1,-1
452,1,705.55,0.00,199.40,762.45,1,-1,-1,-1
452,2,0.00,0.00,506.87,1080.00,1,-1,-1,-1
452,8,731.47,0.00,691.16,1080.00,1,-1,-1,-1
453,1,727.80,0.00,183.40,765.10,1,-1,-1,-1
453,2,0.00,0.00,499.34,1080.00,1,-1,-1,-1
453,8,721.30,0.00,713.20,1080.00,1,-1,-1,-1
454,1,780.30,54.25,136.25,721.55,1,-1,-1,-1
454,2,0.00,0.00,491.80,1080.00,1,-1,-1,-1
454,8,721.30,0.00,730.72,1080.00,1,-1,-1,-1
455,2,0.00,0.00,479.26,1080.00,1,-1,-1,-1
455,8,721.30,0.00,748.23,1080.00,1,-1,-1,-1
456,2,0.00,0.00,466.73,1080.00,1,-1,-1,-1
456,8,721.30,0.00,765.75,1080.00,1,-1,-1,-1
457,2,0.00,0.00,454.19,1080.00,1,-1,-1,-1
457,8,721.30,0.00,783.27,1080.00,1,-1,-1,-1
458,2,0.00,0.00,441.65,1080.00,1,-1,-1,-1
458,8,721.30,0.00,800.78,1080.00,1,-1,-1,-1
459,2,0.00,0.00,429.11,1080.00,1,-1,-1,-1
459,8,721.30,0.00,818.30,1080.00,1,-1,-1,-1
460,2,0.00,0.00,416.58,1080.00,1,-1,-1,-1
460,8,721.30,0.00,847.67,1080.00,1,-1,-1,-1
461,2,0.00,0.00,404.04,1080.00,1,-1,-1,-1
461,8,721.30,0.00,877.03,1080.00,1,-1,-1,-1
462,2,0.00,0.00,391.50,1080.00,1,-1,-1,-1
462,8,721.30,0.00,906.40,1080.00,1,-1,-1,-1